USE sistema_menus;



-- Departamentos (10)
INSERT INTO departamentos (departamento) VALUES
('Amazonas'),
('Áncash'),
('Apurímac'),
('Arequipa'),
('Ayacucho'),
('Cajamarca'),
('Callao'),
('Cusco'),
('Huancavelica'),
('Huánuco'),
('Ica'),
('Junín'),
('La Libertad'),
('Lambayeque'),
('Lima'),
('Loreto'),
('Madre de Dios'),
('Moquegua'),
('Pasco'),
('Piura'),
('Puno'),
('San Martín'),
('Tacna'),
('Tumbes'),
('Ucayali');


INSERT INTO provincias(provincia,iddepartamento) VALUES
-- Amazonas
('Chachapoyas', '01'),
('Bagua', '01'),
('Bongará', '01'),
('Condorcanqui', '01'),
('Luya', '01'),
('Rodríguez de Mendoza', '01'),
('Utcubamba', '01'),
('Huaraz', '02'),
('Aija', '02'),
('Antonio Raymondi', '02'),
('Asunción', '02'),
('Bolognesi', '02'),
('Carhuaz', '02'),
('Carlos Fermín Fitzcarrald', '02'),
('Casma', '02'),
('Corongo', '02'),
('Huari', '02'),
('Huarmey', '02'),
('Huaylas', '02'),
('Mariscal Luzuriaga', '02'),
('Ocros', '02'),
('Pallasca', '02'),
('Pomabamba', '02'),
('Recuay', '02'),
('Santa', '02'),
('Sihuas', '02'),
('Yungay', '02'),
('Abancay', '03'),
('Andahuaylas', '03'),
('Antabamba', '03'),
('Aymaraes', '03'),
('Cotabambas', '03'),
('Chincheros', '03'),
('Grau', '03'),
('Arequipa', '04'),
('Camaná', '04'),
('Caravelí', '04'),
('Castilla', '04'),
('Caylloma', '04'),
('Condesuyos', '04'),
('Islay', '04'),
('La Uniòn', '04'),
('Huamanga', '05'),
('Cangallo', '05'),
('Huanca Sancos', '05'),
('Huanta', '05'),
('La Mar', '05'),
('Lucanas', '05'),
('Parinacochas', '05'),
('Pàucar del Sara Sara', '05'),
('Sucre', '05'),
('Víctor Fajardo', '05'),
('Vilcas Huamán', '05'),
('Cajamarca', '06'),
('Cajabamba', '06'),
('Celendín', '06'),
('Chota', '06'),
('Contumazá', '06'),
('Cutervo', '06'),
('Hualgayoc', '06'),
('Jaén', '06'),
('San Ignacio', '06'),
('San Marcos', '06'),
('San Miguel', '06'),
('San Pablo', '06'),
('Santa Cruz', '06'),
('Prov. Const. del Callao', '07'),
('Cusco', '08'),
('Acomayo', '08'),
('Anta', '08'),
('Calca', '08'),
('Canas', '08'),
('Canchis', '08'),
('Chumbivilcas', '08'),
('Espinar', '08'),
('La Convención', '08'),
('Paruro', '08'),
('Paucartambo', '08'),
('Quispicanchi', '08'),
('Urubamba', '08'),
('Huancavelica', '09'),
('Acobamba', '09'),
('Angaraes', '09'),
('Castrovirreyna', '09'),
('Churcampa', '09'),
('Huaytará', '09'),
('Tayacaja', '09'),
('Huánuco', '10'),
('Ambo', '10'),
('Dos de Mayo', '10'),
('Huacaybamba', '10'),
('Huamalíes', '10'),
('Leoncio Prado', '10'),
('Marañón', '10'),
('Pachitea', '10'),
('Puerto Inca', '10'),
('Lauricocha ', '10'),
('Yarowilca ', '10'),
('Ica ', '11'),
('Chincha ', '11'),
('Nasca ', '11'),
('Palpa ', '11'),
('Pisco ', '11'),
('Huancayo ', '12'),
('Concepción ', '12'),
('Chanchamayo ', '12'),
('Jauja ', '12'),
('Junín ', '12'),
('Satipo ', '12'),
('Tarma ', '12'),
('Yauli ', '12'),
('Chupaca ', '12'),
('Trujillo ', '13'),
('Ascope ', '13'),
('Bolívar ', '13'),
('Chepén ', '13'),
('Julcán ', '13'),
('Otuzco ', '13'),
('Pacasmayo ', '13'),
('Pataz ', '13'),
('Sánchez Carrión ', '13'),
('Santiago de Chuco ', '13'),
('Gran Chimú ', '13'),
('Virú ', '13'),
('Chiclayo ', '14'),
('Ferreñafe ', '14'),
('Lambayeque ', '14'),
('Lima ', '15'),
('Barranca ', '15'),
('Cajatambo ', '15'),
('Canta ', '15'),
('Cañete ', '15'),
('Huaral ', '15'),
('Huarochirí ', '15'),
('Huaura ', '15'),
('Oyón ', '15'),
('Yauyos ', '15'),
('Maynas ', '16'),
('Alto Amazonas ', '16'),
('Loreto ', '16'),
('Mariscal Ramón Castilla ', '16'),
('Requena ', '16'),
('Ucayali ', '16'),
('Datem del Marañón ', '16'),
('Putumayo', '16'),
('Tambopata ', '17'),
('Manu ', '17'),
('Tahuamanu ', '17'),
('Mariscal Nieto ', '18'),
('General Sánchez Cerro ', '18'),
('Ilo ', '18'),
('Pasco ', '19'),
('Daniel Alcides Carrión ', '19'),
('Oxapampa ', '19'),
('Piura ', '20'),
('Ayabaca ', '20'),
('Huancabamba ', '20'),
('Morropón ', '20'),
('Paita ', '20'),
('Sullana ', '20'),
('Talara ', '20'),
('Sechura ', '20'),
('Puno ', '21'),
('Azángaro ', '21'),
('Carabaya ', '21'),
('Chucuito ', '21'),
('El Collao ', '21'),
('Huancané ', '21'),
('Lampa ', '21'),
('Melgar ', '21'),
('Moho ', '21'),
('San Antonio de Putina ', '21'),
('San Román ', '21'),
('Sandia ', '21'),
('Yunguyo ', '21'),
('Moyobamba ', '22'),
('Bellavista ', '22'),
('El Dorado ', '22'),
('Huallaga ', '22'),
('Lamas ', '22'),
('Mariscal Cáceres ', '22'),
('Picota ', '22'),
('Rioja ', '22'),
('San Martín ', '22'),
('Tocache ', '22'),
('Tacna ', '23'),
('Candarave ', '23'),
('Jorge Basadre ', '23'),
('Tarata ', '23'),
('Tumbes ', '24'),
('Contralmirante Villar ', '24'),
('Zarumilla ', '24'),
('Coronel Portillo ', '25'),
('Atalaya ', '25'),
('Padre Abad ', '25'),
('Purús', '25');

-- Distritos (10) -> cada distrito apunta a una provincia (idprovincia 1..10)

 INSERT INTO distritos(distrito, idprovincia) VALUES
('Chachapoyas',1),
('Asunción',1),
('Balsas',1),
('Cheto',1),
('Chiliquin',1),
('Chuquibamba',1),
('Granada',1),
('Huancas',1),
('La Jalca',1),
('Leimebamba',1),
('Levanto',1),
('Magdalena',1),
('Mariscal Castilla',1),
('Molinopampa',1),
('Montevideo',1),
('Olleros',1),
('Quinjalca',1),
('San Francisco de Daguas',1),
('San Isidro de Maino',1),
('Soloco',1),
('Sonche',1),
('Bagua',2),
('Aramango',2),
('Copallin',2),
('El Parco',2),
('Imaza',2),
('La Peca',2),
('Jumbilla',3),
('Chisquilla',3),
('Churuja',3),
('Corosha',3),
('Cuispes',3),
('Florida',3),
('Jazan',3),
('Recta',3),
('San Carlos',3),
('Shipasbamba',3),
('Valera',3),
('Yambrasbamba',3),
('Nieva',4),
('El Cenepa',4),
('Río Santiago',4),
('Lamud',5),
('Camporredondo',5),
('Cocabamba',5),
('Colcamar',5),
('Conila',5),
('Inguilpata',5),
('Longuita',5),
('Lonya Chico',5),
('Luya',5),
('Luya Viejo',5),
('María',5),
('Ocalli',5),
('Ocumal',5),
('Pisuquia',5),
('Providencia',5),
('San Cristóbal',5),
('San Francisco de Yeso',5),
('San Jerónimo',5),
('San Juan de Lopecancha',5),
('Santa Catalina',5),
('Santo Tomas',5),
('Tingo',5),
('Trita',5),
('San Nicolás',6),
('Chirimoto',6),
('Cochamal',6),
('Huambo',6),
('Limabamba',6),
('Longar',6),
('Mariscal Benavides',6),
('Milpuc',6),
('Omia',6),
('Santa Rosa',6),
('Totora',6),
('Vista Alegre',6),
('Bagua Grande',7),
('Cajaruro',7),
('Cumba',7),
('El Milagro',7),
('Jamalca',7),
('Lonya Grande',7),
('Yamon',7),
('Huaraz',8),
('Cochabamba',8),
('Colcabamba',8),
('Huanchay',8),
('Independencia',8),
('Jangas',8),
('La Libertad',8),
('Olleros',8),
('Pampas Grande',8),
('Pariacoto',8),
('Pira',8),
('Tarica',8),
('Aija',9),
('Coris',9),
('Huacllan',9),
('La Merced',9),
('Succha',9),
('Llamellin',10),
('Aczo',10),
('Chaccho',10),
('Chingas',10),
('Mirgas',10),
('San Juan de Rontoy',10),
('Chacas',11),
('Acochaca',11),
('Chiquian',12),
('Abelardo Pardo Lezameta',12),
('Antonio Raymondi',12),
('Aquia',12),
('Cajacay',12),
('Canis',12),
('Colquioc',12),
('Huallanca',12),
('Huasta',12),
('Huayllacayan',12),
('La Primavera',12),
('Mangas',12),
('Pacllon',12),
('San Miguel de Corpanqui',12),
('Ticllos',12),
('Carhuaz',13),
('Acopampa',13),
('Amashca',13),
('Anta',13),
('Ataquero',13),
('Marcara',13),
('Pariahuanca',13),
('San Miguel de Aco',13),
('Shilla',13),
('Tinco',13),
('Yungar',13),
('San Luis',14),
('San Nicolás',14),
('Yauya',14),
('Casma',15),
('Buena Vista Alta',15),
('Comandante Noel',15),
('Yautan',15),
('Corongo',16),
('Aco',16),
('Bambas',16),
('Cusca',16),
('La Pampa',16),
('Yanac',16),
('Yupan',16),
('Huari',17),
('Anra',17),
('Cajay',17),
('Chavin de Huantar',17),
('Huacachi',17),
('Huacchis',17),
('Huachis',17),
('Huantar',17),
('Masin',17),
('Paucas',17),
('Ponto',17),
('Rahuapampa',17),
('Rapayan',17),
('San Marcos',17),
('San Pedro de Chana',17),
('Uco',17),
('Huarmey',18),
('Cochapeti',18),
('Culebras',18),
('Huayan',18),
('Malvas',18),
('Caraz',19),
('Huallanca',19),
('Huata',19),
('Huaylas',19),
('Mato',19),
('Pamparomas',19),
('Pueblo Libre',19),
('Santa Cruz',19),
('Santo Toribio',19),
('Yuracmarca',19),
('Piscobamba',20),
('Casca',20),
('Eleazar Guzmán Barron',20),
('Fidel Olivas Escudero',20),
('Llama',20),
('Llumpa',20),
('Lucma',20),
('Musga',20),
('Ocros',21),
('Acas',21),
('Cajamarquilla',21),
('Carhuapampa',21),
('Cochas',21),
('Congas',21),
('Llipa',21),
('San Cristóbal de Rajan',21),
('San Pedro',21),
('Santiago de Chilcas',21),
('Cabana',22),
('Bolognesi',22),
('Conchucos',22),
('Huacaschuque',22),
('Huandoval',22),
('Lacabamba',22),
('Llapo',22),
('Pallasca',22),
('Pampas',22),
('Santa Rosa',22),
('Tauca',22),
('Pomabamba',23),
('Huayllan',23),
('Parobamba',23),
('Quinuabamba',23),
('Recuay',24),
('Catac',24),
('Cotaparaco',24),
('Huayllapampa',24),
('Llacllin',24),
('Marca',24),
('Pampas Chico',24),
('Pararin',24),
('Tapacocha',24),
('Ticapampa',24),
('Chimbote',25),
('Cáceres del Perú',25),
('Coishco',25),
('Macate',25),
('Moro',25),
('Nepeña',25),
('Samanco',25),
('Santa',25),
('Nuevo Chimbote',25),
('Sihuas',26),
('Acobamba',26),
('Alfonso Ugarte',26),
('Cashapampa',26),
('Chingalpo',26),
('Huayllabamba',26),
('Quiches',26),
('Ragash',26),
('San Juan',26),
('Sicsibamba',26),
('Yungay',27),
('Cascapara',27),
('Mancos',27),
('Matacoto',27),
('Quillo',27),
('Ranrahirca',27),
('Shupluy',27),
('Yanama',27),
('Abancay',28),
('Chacoche',28),
('Circa',28),
('Curahuasi',28),
('Huanipaca',28),
('Lambrama',28),
('Pichirhua',28),
('San Pedro de Cachora',28),
('Tamburco',28),
('Andahuaylas',29),
('Andarapa',29),
('Chiara',29),
('Huancarama',29),
('Huancaray',29),
('Huayana',29),
('Kishuara',29),
('Pacobamba',29),
('Pacucha',29),
('Pampachiri',29),
('Pomacocha',29),
('San Antonio de Cachi',29),
('San Jerónimo',29),
('San Miguel de Chaccrampa',29),
('Santa María de Chicmo',29),
('Talavera',29),
('Tumay Huaraca',29),
('Turpo',29),
('Kaquiabamba',29),
('José María Arguedas',29),
('Antabamba',30),
('El Oro',30),
('Huaquirca',30),
('Juan Espinoza Medrano',30),
('Oropesa',30),
('Pachaconas',30),
('Sabaino',30),
('Chalhuanca',31),
('Capaya',31),
('Caraybamba',31),
('Chapimarca',31),
('Colcabamba',31),
('Cotaruse',31),
('Ihuayllo',31),
('Justo Apu Sahuaraura',31),
('Lucre',31),
('Pocohuanca',31),
('San Juan de Chacña',31),
('Sañayca',31),
('Soraya',31),
('Tapairihua',31),
('Tintay',31),
('Toraya',31),
('Yanaca',31),
('Tambobamba',32),
('Cotabambas',32),
('Coyllurqui',32),
('Haquira',32),
('Mara',32),
('Challhuahuacho',32),
('Chincheros',33),
('Anco_Huallo',33),
('Cocharcas',33),
('Huaccana',33),
('Ocobamba',33),
('Ongoy',33),
('Uranmarca',33),
('Ranracancha',33),
('Rocchacc',33),
('El Porvenir',33),
('Chuquibambilla',34),
('Curpahuasi',34),
('Gamarra',34),
('Huayllati',34),
('Mamara',34),
('Micaela Bastidas',34),
('Pataypampa',34),
('Progreso',34),
('San Antonio',34),
('Santa Rosa',34),
('Turpay',34),
('Vilcabamba',34),
('Virundo',34),
('Curasco',34),
('Arequipa',35),
('Alto Selva Alegre',35),
('Cayma',35),
('Cerro Colorado',35),
('Characato',35),
('Chiguata',35),
('Jacobo Hunter',35),
('La Joya',35),
('Mariano Melgar',35),
('Miraflores',35),
('Mollebaya',35),
('Paucarpata',35),
('Pocsi',35),
('Polobaya',35),
('Quequeña',35),
('Sabandia',35),
('Sachaca',35),
('San Juan de Siguas',35),
('San Juan de Tarucani',35),
('Santa Isabel de Siguas',35),
('Santa Rita de Siguas',35),
('Socabaya',35),
('Tiabaya',35),
('Uchumayo',35),
('Vitor',35),
('Yanahuara',35),
('Yarabamba',35),
('Yura',35),
('José Luis Bustamante Y Rivero',35),
('Camaná',36),
('José María Quimper',36),
('Mariano Nicolás Valcárcel',36),
('Mariscal Cáceres',36),
('Nicolás de Pierola',36),
('Ocoña',36),
('Quilca',36),
('Samuel Pastor',36),
('Caravelí',37),
('Acarí',37),
('Atico',37),
('Atiquipa',37),
('Bella Unión',37),
('Cahuacho',37),
('Chala',37),
('Chaparra',37),
('Huanuhuanu',37),
('Jaqui',37),
('Lomas',37),
('Quicacha',37),
('Yauca',37),
('Aplao',38),
('Andagua',38),
('Ayo',38),
('Chachas',38),
('Chilcaymarca',38),
('Choco',38),
('Huancarqui',38),
('Machaguay',38),
('Orcopampa',38),
('Pampacolca',38),
('Tipan',38),
('Uñon',38),
('Uraca',38),
('Viraco',38),
('Chivay',39),
('Achoma',39),
('Cabanaconde',39),
('Callalli',39),
('Caylloma',39),
('Coporaque',39),
('Huambo',39),
('Huanca',39),
('Ichupampa',39),
('Lari',39),
('Lluta',39),
('Maca',39),
('Madrigal',39),
('San Antonio de Chuca',39),
('Sibayo',39),
('Tapay',39),
('Tisco',39),
('Tuti',39),
('Yanque',39),
('Majes',39),
('Chuquibamba',40),
('Andaray',40),
('Cayarani',40),
('Chichas',40),
('Iray',40),
('Río Grande',40),
('Salamanca',40),
('Yanaquihua',40),
('Mollendo',41),
('Cocachacra',41),
('Dean Valdivia',41),
('Islay',41),
('Mejia',41),
('Punta de Bombón',41),
('Cotahuasi',42),
('Alca',42),
('Charcana',42),
('Huaynacotas',42),
('Pampamarca',42),
('Puyca',42),
('Quechualla',42),
('Sayla',42),
('Tauria',42),
('Tomepampa',42),
('Toro',42),
('Ayacucho',43),
('Acocro',43),
('Acos Vinchos',43),
('Carmen Alto',43),
('Chiara',43),
('Ocros',43),
('Pacaycasa',43),
('Quinua',43),
('San José de Ticllas',43),
('San Juan Bautista',43),
('Santiago de Pischa',43),
('Socos',43),
('Tambillo',43),
('Vinchos',43),
('Jesús Nazareno',43),
('Andrés Avelino Cáceres Dorregaray',43),
('Cangallo',44),
('Chuschi',44),
('Los Morochucos',44),
('María Parado de Bellido',44),
('Paras',44),
('Totos',44),
('Sancos',45),
('Carapo',45),
('Sacsamarca',45),
('Santiago de Lucanamarca',45),
('Huanta',46),
('Ayahuanco',46),
('Huamanguilla',46),
('Iguain',46),
('Luricocha',46),
('Santillana',46),
('Sivia',46),
('Llochegua',46),
('Canayre',46),
('Uchuraccay',46),
('Pucacolpa',46),
('Chaca',46),
('San Miguel',47),
('Anco',47),
('Ayna',47),
('Chilcas',47),
('Chungui',47),
('Luis Carranza',47),
('Santa Rosa',47),
('Tambo',47),
('Samugari',47),
('Anchihuay',47),
('Puquio',48),
('Aucara',48),
('Cabana',48),
('Carmen Salcedo',48),
('Chaviña',48),
('Chipao',48),
('Huac-Huas',48),
('Laramate',48),
('Leoncio Prado',48),
('Llauta',48),
('Lucanas',48),
('Ocaña',48),
('Otoca',48),
('Saisa',48),
('San Cristóbal',48),
('San Juan',48),
('San Pedro',48),
('San Pedro de Palco',48),
('Sancos',48),
('Santa Ana de Huaycahuacho',48),
('Santa Lucia',48),
('Coracora',49),
('Chumpi',49),
('Coronel Castañeda',49),
('Pacapausa',49),
('Pullo',49),
('Puyusca',49),
('San Francisco de Ravacayco',49),
('Upahuacho',49),
('Pausa',50),
('Colta',50),
('Corculla',50),
('Lampa',50),
('Marcabamba',50),
('Oyolo',50),
('Pararca',50),
('San Javier de Alpabamba',50),
('San José de Ushua',50),
('Sara Sara',50),
('Querobamba',51),
('Belén',51),
('Chalcos',51),
('Chilcayoc',51),
('Huacaña',51),
('Morcolla',51),
('Paico',51),
('San Pedro de Larcay',51),
('San Salvador de Quije',51),
('Santiago de Paucaray',51),
('Soras',51),
('Huancapi',52),
('Alcamenca',52),
('Apongo',52),
('Asquipata',52),
('Canaria',52),
('Cayara',52),
('Colca',52),
('Huamanquiquia',52),
('Huancaraylla',52),
('Huaya',52),
('Sarhua',52),
('Vilcanchos',52),
('Vilcas Huaman',53),
('Accomarca',53),
('Carhuanca',53),
('Concepción',53),
('Huambalpa',53),
('Independencia',53),
('Saurama',53),
('Vischongo',53),
('Cajamarca',54),
('Asunción',54),
('Chetilla',54),
('Cospan',54),
('Encañada',54),
('Jesús',54),
('Llacanora',54),
('Los Baños del Inca',54),
('Magdalena',54),
('Matara',54),
('Namora',54),
('San Juan',54),
('Cajabamba',55),
('Cachachi',55),
('Condebamba',55),
('Sitacocha',55),
('Celendín',56),
('Chumuch',56),
('Cortegana',56),
('Huasmin',56),
('Jorge Chávez',56),
('José Gálvez',56),
('Miguel Iglesias',56),
('Oxamarca',56),
('Sorochuco',56),
('Sucre',56),
('Utco',56),
('La Libertad de Pallan',56),
('Chota',57),
('Anguia',57),
('Chadin',57),
('Chiguirip',57),
('Chimban',57),
('Choropampa',57),
('Cochabamba',57),
('Conchan',57),
('Huambos',57),
('Lajas',57),
('Llama',57),
('Miracosta',57),
('Paccha',57),
('Pion',57),
('Querocoto',57),
('San Juan de Licupis',57),
('Tacabamba',57),
('Tocmoche',57),
('Chalamarca',57),
('Contumaza',58),
('Chilete',58),
('Cupisnique',58),
('Guzmango',58),
('San Benito',58),
('Santa Cruz de Toledo',58),
('Tantarica',58),
('Yonan',58),
('Cutervo',59),
('Callayuc',59),
('Choros',59),
('Cujillo',59),
('La Ramada',59),
('Pimpingos',59),
('Querocotillo',59),
('San Andrés de Cutervo',59),
('San Juan de Cutervo',59),
('San Luis de Lucma',59),
('Santa Cruz',59),
('Santo Domingo de la Capilla',59),
('Santo Tomas',59),
('Socota',59),
('Toribio Casanova',59),
('Bambamarca',60),
('Chugur',60),
('Hualgayoc',60),
('Jaén',61),
('Bellavista',61),
('Chontali',61),
('Colasay',61),
('Huabal',61),
('Las Pirias',61),
('Pomahuaca',61),
('Pucara',61),
('Sallique',61),
('San Felipe',61),
('San José del Alto',61),
('Santa Rosa',61),
('San Ignacio',62),
('Chirinos',62),
('Huarango',62),
('La Coipa',62),
('Namballe',62),
('San José de Lourdes',62),
('Tabaconas',62),
('Pedro Gálvez',63),
('Chancay',63),
('Eduardo Villanueva',63),
('Gregorio Pita',63),
('Ichocan',63),
('José Manuel Quiroz',63),
('José Sabogal',63),
('San Miguel',64),
('Bolívar',64),
('Calquis',64),
('Catilluc',64),
('El Prado',64),
('La Florida',64),
('Llapa',64),
('Nanchoc',64),
('Niepos',64),
('San Gregorio',64),
('San Silvestre de Cochan',64),
('Tongod',64),
('Unión Agua Blanca',64),
('San Pablo',65),
('San Bernardino',65),
('San Luis',65),
('Tumbaden',65),
('Santa Cruz',66),
('Andabamba',66),
('Catache',66),
('Chancaybaños',66),
('La Esperanza',66),
('Ninabamba',66),
('Pulan',66),
('Saucepampa',66),
('Sexi',66),
('Uticyacu',66),
('Yauyucan',66),
('Callao',67),
('Bellavista',67),
('Carmen de la Legua Reynoso',67),
('La Perla',67),
('La Punta',67),
('Ventanilla',67),
('Mi Perú',67),
('Cusco',68),
('Ccorca',68),
('Poroy',68),
('San Jerónimo',68),
('San Sebastian',68),
('Santiago',68),
('Saylla',68),
('Wanchaq',68),
('Acomayo',69),
('Acopia',69),
('Acos',69),
('Mosoc Llacta',69),
('Pomacanchi',69),
('Rondocan',69),
('Sangarara',69),
('Anta',70),
('Ancahuasi',70),
('Cachimayo',70),
('Chinchaypujio',70),
('Huarocondo',70),
('Limatambo',70),
('Mollepata',70),
('Pucyura',70),
('Zurite',70),
('Calca',71),
('Coya',71),
('Lamay',71),
('Lares',71),
('Pisac',71),
('San Salvador',71),
('Taray',71),
('Yanatile',71),
('Yanaoca',72),
('Checca',72),
('Kunturkanki',72),
('Langui',72),
('Layo',72),
('Pampamarca',72),
('Quehue',72),
('Tupac Amaru',72),
('Sicuani',73),
('Checacupe',73),
('Combapata',73),
('Marangani',73),
('Pitumarca',73),
('San Pablo',73),
('San Pedro',73),
('Tinta',73),
('Santo Tomas',74),
('Capacmarca',74),
('Chamaca',74),
('Colquemarca',74),
('Livitaca',74),
('Llusco',74),
('Quiñota',74),
('Velille',74),
('Espinar',75),
('Condoroma',75),
('Coporaque',75),
('Ocoruro',75),
('Pallpata',75),
('Pichigua',75),
('Suyckutambo',75),
('Alto Pichigua',75),
('Santa Ana',76),
('Echarate',76),
('Huayopata',76),
('Maranura',76),
('Ocobamba',76),
('Quellouno',76),
('Kimbiri',76),
('Santa Teresa',76),
('Vilcabamba',76),
('Pichari',76),
('Inkawasi',76),
('Villa Virgen',76),
('Villa Kintiarina',76),
('Paruro',77),
('Accha',77),
('Ccapi',77),
('Colcha',77),
('Huanoquite',77),
('Omacha',77),
('Paccaritambo',77),
('Pillpinto',77),
('Yaurisque',77),
('Paucartambo',78),
('Caicay',78),
('Challabamba',78),
('Colquepata',78),
('Huancarani',78),
('Kosñipata',78),
('Urcos',79),
('Andahuaylillas',79),
('Camanti',79),
('Ccarhuayo',79),
('Ccatca',79),
('Cusipata',79),
('Huaro',79),
('Lucre',79),
('Marcapata',79),
('Ocongate',79),
('Oropesa',79),
('Quiquijana',79),
('Urubamba',80),
('Chinchero',80),
('Huayllabamba',80),
('Machupicchu',80),
('Maras',80),
('Ollantaytambo',80),
('Yucay',80),
('Huancavelica',81),
('Acobambilla',81),
('Acoria',81),
('Conayca',81),
('Cuenca',81),
('Huachocolpa',81),
('Huayllahuara',81),
('Izcuchaca',81),
('Laria',81),
('Manta',81),
('Mariscal Cáceres',81),
('Moya',81),
('Nuevo Occoro',81),
('Palca',81),
('Pilchaca',81),
('Vilca',81),
('Yauli',81),
('Ascensión',81),
('Huando',81),
('Acobamba',82),
('Andabamba',82),
('Anta',82),
('Caja',82),
('Marcas',82),
('Paucara',82),
('Pomacocha',82),
('Rosario',82),
('Lircay',83),
('Anchonga',83),
('Callanmarca',83),
('Ccochaccasa',83),
('Chincho',83),
('Congalla',83),
('Huanca-Huanca',83),
('Huayllay Grande',83),
('Julcamarca',83),
('San Antonio de Antaparco',83),
('Santo Tomas de Pata',83),
('Secclla',83),
('Castrovirreyna',84),
('Arma',84),
('Aurahua',84),
('Capillas',84),
('Chupamarca',84),
('Cocas',84),
('Huachos',84),
('Huamatambo',84),
('Mollepampa',84),
('San Juan',84),
('Santa Ana',84),
('Tantara',84),
('Ticrapo',84),
('Churcampa',85),
('Anco',85),
('Chinchihuasi',85),
('El Carmen',85),
('La Merced',85),
('Locroja',85),
('Paucarbamba',85),
('San Miguel de Mayocc',85),
('San Pedro de Coris',85),
('Pachamarca',85),
('Cosme',85),
('Huaytara',86),
('Ayavi',86),
('Córdova',86),
('Huayacundo Arma',86),
('Laramarca',86),
('Ocoyo',86),
('Pilpichaca',86),
('Querco',86),
('Quito-Arma',86),
('San Antonio de Cusicancha',86),
('San Francisco de Sangayaico',86),
('San Isidro',86),
('Santiago de Chocorvos',86),
('Santiago de Quirahuara',86),
('Santo Domingo de Capillas',86),
('Tambo',86),
('Pampas',87),
('Acostambo',87),
('Acraquia',87),
('Ahuaycha',87),
('Colcabamba',87),
('Daniel Hernández',87),
('Huachocolpa',87),
('Huaribamba',87),
('Ñahuimpuquio',87),
('Pazos',87),
('Quishuar',87),
('Salcabamba',87),
('Salcahuasi',87),
('San Marcos de Rocchac',87),
('Surcubamba',87),
('Tintay Puncu',87),
('Quichuas',87),
('Andaymarca',87),
('Roble',87),
('Pichos',87),
('Huanuco',88),
('Amarilis',88),
('Chinchao',88),
('Churubamba',88),
('Margos',88),
('Quisqui (Kichki)',88),
('San Francisco de Cayran',88),
('San Pedro de Chaulan',88),
('Santa María del Valle',88),
('Yarumayo',88),
('Pillco Marca',88),
('Yacus',88),
('San Pablo de Pillao',88),
('Ambo',89),
('Cayna',89),
('Colpas',89),
('Conchamarca',89),
('Huacar',89),
('San Francisco',89),
('San Rafael',89),
('Tomay Kichwa',89),
('La Unión',90),
('Chuquis',90),
('Marías',90),
('Pachas',90),
('Quivilla',90),
('Ripan',90),
('Shunqui',90),
('Sillapata',90),
('Yanas',90),
('Huacaybamba',91),
('Canchabamba',91),
('Cochabamba',91),
('Pinra',91),
('Llata',92),
('Arancay',92),
('Chavín de Pariarca',92),
('Jacas Grande',92),
('Jircan',92),
('Miraflores',92),
('Monzón',92),
('Punchao',92),
('Puños',92),
('Singa',92),
('Tantamayo',92),
('Rupa-Rupa',93),
('Daniel Alomía Robles',93),
('Hermílio Valdizan',93),
('José Crespo y Castillo',93),
('Luyando',93),
('Mariano Damaso Beraun',93),
('Pucayacu',93),
('Castillo Grande',93),
('Huacrachuco',94),
('Cholon',94),
('San Buenaventura',94),
('La Morada',94),
('Santa Rosa de Alto Yanajanca',94),
('Panao',95),
('Chaglla',95),
('Molino',95),
('Umari',95),
('Puerto Inca',96),
('Codo del Pozuzo',96),
('Honoria',96),
('Tournavista',96),
('Yuyapichis',96),
('Jesús',97),
('Baños',97),
('Jivia',97),
('Queropalca',97),
('Rondos',97),
('San Francisco de Asís',97),
('San Miguel de Cauri',97),
('Chavinillo',98),
('Cahuac',98),
('Chacabamba',98),
('Aparicio Pomares',98),
('Jacas Chico',98),
('Obas',98),
('Pampamarca',98),
('Choras',98),
('Ica',99),
('La Tinguiña',99),
('Los Aquijes',99),
('Ocucaje',99),
('Pachacutec',99),
('Parcona',99),
('Pueblo Nuevo',99),
('Salas',99),
('San José de Los Molinos',99),
('San Juan Bautista',99),
('Santiago',99),
('Subtanjalla',99),
('Tate',99),
('Yauca del Rosario',99),
('Chincha Alta',100),
('Alto Laran',100),
('Chavin',100),
('Chincha Baja',100),
('El Carmen',100),
('Grocio Prado',100),
('Pueblo Nuevo',100),
('San Juan de Yanac',100),
('San Pedro de Huacarpana',100),
('Sunampe',100),
('Tambo de Mora',100),
('Nasca', 101),
('Changuillo', 101),
('El Ingenio', 101),
('Marcona', 101),
('Vista Alegre', 101),
('Palpa', 102),
('Llipata', 102),
('Río Grande', 102),
('Santa Cruz', 102),
('Tibillo', 102),
('Pisco', 103),
('Huancano', 103),
('Humay', 103),
('Independencia', 103),
('Paracas', 103),
('San Andrés', 103),
('San Clemente', 103),
('Tupac Amaru Inca', 103),
('Huancayo', 104),
('Carhuacallanga', 104),
('Chacapampa', 104),
('Chicche', 104),
('Chilca', 104),
('Chongos Alto', 104),
('Chupuro', 104),
('Colca', 104),
('Cullhuas', 104),
('El Tambo', 104),
('Huacrapuquio', 104),
('Hualhuas', 104),
('Huancan', 104),
('Huasicancha', 104),
('Huayucachi', 104),
('Ingenio', 104),
('Pariahuanca', 104),
('Pilcomayo', 104),
('Pucara', 104),
('Quichuay', 104),
('Quilcas', 104),
('San Agustín', 104),
('San Jerónimo de Tunan', 104),
('Saño', 104),
('Sapallanga', 104),
('Sicaya', 104),
('Santo Domingo de Acobamba', 104),
('Viques', 104),
('Concepción', 105),
('Aco', 105),
('Andamarca', 105),
('Chambara', 105),
('Cochas', 105),
('Comas', 105),
('Heroínas Toledo', 105),
('Manzanares', 105),
('Mariscal Castilla', 105),
('Matahuasi', 105),
('Mito', 105),
('Nueve de Julio', 105),
('Orcotuna', 105),
('San José de Quero', 105),
('Santa Rosa de Ocopa', 105),
('Chanchamayo', 106),
('Perene', 106),
('Pichanaqui', 106),
('San Luis de Shuaro', 106),
('San Ramón', 106),
('Vitoc', 106),
('Jauja', 107),
('Acolla', 107),
('Apata', 107),
('Ataura', 107),
('Canchayllo', 107),
('Curicaca', 107),
('El Mantaro', 107),
('Huamali', 107),
('Huaripampa', 107),
('Huertas', 107),
('Janjaillo', 107),
('Julcán', 107),
('Leonor Ordóñez', 107),
('Llocllapampa', 107),
('Marco', 107),
('Masma', 107),
('Masma Chicche', 107),
('Molinos', 107),
('Monobamba', 107),
('Muqui', 107),
('Muquiyauyo', 107),
('Paca', 107),
('Paccha', 107),
('Pancan', 107),
('Parco', 107),
('Pomacancha', 107),
('Ricran', 107),
('San Lorenzo', 107),
('San Pedro de Chunan', 107),
('Sausa', 107),
('Sincos', 107),
('Tunan Marca', 107),
('Yauli', 107),
('Yauyos', 107),
('Junin', 108),
('Carhuamayo', 108),
('Ondores', 108),
('Ulcumayo', 108),
('Satipo', 109),
('Coviriali', 109),
('Llaylla', 109),
('Mazamari', 109),
('Pampa Hermosa', 109),
('Pangoa', 109),
('Río Negro', 109),
('Río Tambo', 109),
('Vizcatan del Ene', 109),
('Tarma', 110),
('Acobamba', 110),
('Huaricolca', 110),
('Huasahuasi', 110),
('La Unión', 110),
('Palca', 110),
('Palcamayo', 110),
('San Pedro de Cajas', 110),
('Tapo', 110),
('La Oroya', 111),
('Chacapalpa', 111),
('Huay-Huay', 111),
('Marcapomacocha', 111),
('Morococha', 111),
('Paccha', 111),
('Santa Bárbara de Carhuacayan', 111),
('Santa Rosa de Sacco', 111),
('Suitucancha', 111),
('Yauli', 111),
('Chupaca', 112),
('Ahuac', 112),
('Chongos Bajo', 112),
('Huachac', 112),
('Huamancaca Chico', 112),
('San Juan de Iscos', 112),
('San Juan de Jarpa', 112),
('Tres de Diciembre', 112),
('Yanacancha', 112),
('Trujillo', 113),
('El Porvenir', 113),
('Florencia de Mora', 113),
('Huanchaco', 113),
('La Esperanza', 113),
('Laredo', 113),
('Moche', 113),
('Poroto', 113),
('Salaverry', 113),
('Simbal', 113),
('Victor Larco Herrera', 113),
('Ascope', 114),
('Chicama', 114),
('Chocope', 114),
('Magdalena de Cao', 114),
('Paijan', 114),
('Rázuri', 114),
('Santiago de Cao', 114),
('Casa Grande', 114),
('Bolívar', 115),
('Bambamarca', 115),
('Condormarca', 115),
('Longotea', 115),
('Uchumarca', 115),
('Ucuncha', 115),
('Chepen', 116),
('Pacanga', 116),
('Pueblo Nuevo', 116),
('Julcan', 117),
('Calamarca', 117),
('Carabamba', 117),
('Huaso', 117),
('Otuzco', 118),
('Agallpampa', 118),
('Charat', 118),
('Huaranchal', 118),
('La Cuesta', 118),
('Mache', 118),
('Paranday', 118),
('Salpo', 118),
('Sinsicap', 118),
('Usquil', 118),
('San Pedro de Lloc', 119),
('Guadalupe', 119),
('Jequetepeque', 119),
('Pacasmayo', 119),
('San José', 119),
('Tayabamba', 120),
('Buldibuyo', 120),
('Chillia', 120),
('Huancaspata', 120),
('Huaylillas', 120),
('Huayo', 120),
('Ongon', 120),
('Parcoy', 120),
('Pataz', 120),
('Pias', 120),
('Santiago de Challas', 120),
('Taurija', 120),
('Urpay', 120),
('Huamachuco', 121),
('Chugay', 121),
('Cochorco', 121),
('Curgos', 121),
('Marcabal', 121),
('Sanagoran', 121),
('Sarin', 121),
('Sartimbamba', 121),
('Santiago de Chuco', 122),
('Angasmarca', 122),
('Cachicadan', 122),
('Mollebamba', 122),
('Mollepata', 122),
('Quiruvilca', 122),
('Santa Cruz de Chuca', 122),
('Sitabamba', 122),
('Cascas', 123),
('Lucma', 123),
('Marmot', 123),
('Sayapullo', 123),
('Viru', 124),
('Chao', 124),
('Guadalupito', 124),
('Chiclayo', 125),
('Chongoyape', 125),
('Eten', 125),
('Eten Puerto', 125),
('José Leonardo Ortiz', 125),
('La Victoria', 125),
('Lagunas', 125),
('Monsefu', 125),
('Nueva Arica', 125),
('Oyotun', 125),
('Picsi', 125),
('Pimentel', 125),
('Reque', 125),
('Santa Rosa', 125),
('Saña', 125),
('Cayalti', 125),
('Patapo', 125),
('Pomalca', 125),
('Pucala', 125),
('Tuman', 125),
('Ferreñafe', 126),
('Cañaris', 126),
('Incahuasi', 126),
('Manuel Antonio Mesones Muro', 126),
('Pitipo', 126),
('Pueblo Nuevo', 126),
('Lambayeque', 127),
('Chochope', 127),
('Illimo', 127),
('Jayanca', 127),
('Mochumi', 127),
('Morrope', 127),
('Motupe', 127),
('Olmos', 127),
('Pacora', 127),
('Salas', 127),
('San José', 127),
('Tucume', 127),
('Lima', 128),
('Ancón', 128),
('Ate', 128),
('Barranco', 128),
('Breña', 128),
('Carabayllo', 128),
('Chaclacayo', 128),
('Chorrillos', 128),
('Cieneguilla', 128),
('Comas', 128),
('El Agustino', 128),
('Independencia', 128),
('Jesús María', 128),
('La Molina', 128),
('La Victoria', 128),
('Lince', 128),
('Los Olivos', 128),
('Lurigancho', 128),
('Lurin', 128),
('Magdalena del Mar', 128),
('Pueblo Libre', 128),
('Miraflores', 128),
('Pachacamac', 128),
('Pucusana', 128),
('Puente Piedra', 128),
('Punta Hermosa', 128),
('Punta Negra', 128),
('Rímac', 128),
('San Bartolo', 128),
('San Borja', 128),
('San Isidro', 128),
('San Juan de Lurigancho', 128),
('San Juan de Miraflores', 128),
('San Luis', 128),
('San Martín de Porres', 128),
('San Miguel', 128),
('Santa Anita', 128),
('Santa María del Mar', 128),
('Santa Rosa', 128),
('Santiago de Surco', 128),
('Surquillo', 128),
('Villa El Salvador', 128),
('Villa María del Triunfo', 128),
('Barranca', 129),
('Paramonga', 129),
('Pativilca', 129),
('Supe', 129),
('Supe Puerto', 129),
('Cajatambo', 130),
('Copa', 130),
('Gorgor', 130),
('Huancapon', 130),
('Manas', 130),
('Canta', 131),
('Arahuay', 131),
('Huamantanga', 131),
('Huaros', 131),
('Lachaqui', 131),
('San Buenaventura', 131),
('Santa Rosa de Quives', 131),
('San Vicente de Cañete', 132),
('Asia', 132),
('Calango', 132),
('Cerro Azul', 132),
('Chilca', 132),
('Coayllo', 132),
('Imperial', 132),
('Lunahuana', 132),
('Mala', 132),
('Nuevo Imperial', 132),
('Pacaran', 132),
('Quilmana', 132),
('San Antonio', 132),
('San Luis', 132),
('Santa Cruz de Flores', 132),
('Zúñiga', 132),
('Huaral', 133),
('Atavillos Alto', 133),
('Atavillos Bajo', 133),
('Aucallama', 133),
('Chancay', 133),
('Ihuari', 133),
('Lampian', 133),
('Pacaraos', 133),
('San Miguel de Acos', 133),
('Santa Cruz de Andamarca', 133),
('Sumbilca', 133),
('Veintisiete de Noviembre', 133),
('Matucana', 134),
('Antioquia', 134),
('Callahuanca', 134),
('Carampoma', 134),
('Chicla', 134),
('Cuenca', 134),
('Huachupampa', 134),
('Huanza', 134),
('Huarochiri', 134),
('Lahuaytambo', 134),
('Langa', 134),
('Laraos', 134),
('Mariatana', 134),
('Ricardo Palma', 134),
('San Andrés de Tupicocha', 134),
('San Antonio', 134),
('San Bartolomé', 134),
('San Damian', 134),
('San Juan de Iris', 134),
('San Juan de Tantaranche', 134),
('San Lorenzo de Quinti', 134),
('San Mateo', 134),
('San Mateo de Otao', 134),
('San Pedro de Casta', 134),
('San Pedro de Huancayre', 134),
('Sangallaya', 134),
('Santa Cruz de Cocachacra', 134),
('Santa Eulalia', 134),
('Santiago de Anchucaya', 134),
('Santiago de Tuna', 134),
('Santo Domingo de Los Olleros', 134),
('Surco', 134),
('Huacho', 135),
('Ambar', 135),
('Caleta de Carquin', 135),
('Checras', 135),
('Hualmay', 135),
('Huaura', 135),
('Leoncio Prado', 135),
('Paccho', 135),
('Santa Leonor', 135),
('Santa María', 135),
('Sayan', 135),
('Vegueta', 135),
('Oyon', 136),
('Andajes', 136),
('Caujul', 136),
('Cochamarca', 136),
('Navan', 136),
('Pachangara', 136),
('Yauyos', 137),
('Alis', 137),
('Allauca', 137),
('Ayaviri', 137),
('Azángaro', 137),
('Cacra', 137),
('Carania', 137),
('Catahuasi', 137),
('Chocos', 137),
('Cochas', 137),
('Colonia', 137),
('Hongos', 137),
('Huampara', 137),
('Huancaya', 137),
('Huangascar', 137),
('Huantan', 137),
('Huañec', 137),
('Laraos', 137),
('Lincha', 137),
('Madean', 137),
('Miraflores', 137),
('Omas', 137),
('Putinza', 137),
('Quinches', 137),
('Quinocay', 137),
('San Joaquín', 137),
('San Pedro de Pilas', 137),
('Tanta', 137),
('Tauripampa', 137),
('Tomas', 137),
('Tupe', 137),
('Viñac', 137),
('Vitis', 137),
('Iquitos', 138),
('Alto Nanay', 138),
('Fernando Lores', 138),
('Indiana', 138),
('Las Amazonas', 138),
('Mazan', 138),
('Napo', 138),
('Punchana', 138),
('Torres Causana', 138),
('Belén', 138),
('San Juan Bautista', 138),
('Yurimaguas', 139),
('Balsapuerto', 139),
('Jeberos', 139),
('Lagunas', 139),
('Santa Cruz', 139),
('Teniente Cesar López Rojas', 139),
('Nauta', 140),
('Parinari', 140),
('Tigre', 140),
('Trompeteros', 140),
('Urarinas', 140),
('Ramón Castilla', 141),
('Pebas', 141),
('Yavari', 141),
('San Pablo', 141),
('Requena', 142),
('Alto Tapiche', 142),
('Capelo', 142),
('Emilio San Martín', 142),
('Maquia', 142),
('Puinahua', 142),
('Saquena', 142),
('Soplin', 142),
('Tapiche', 142),
('Jenaro Herrera', 142),
('Yaquerana', 142),
('Contamana', 143),
('Inahuaya', 143),
('Padre Márquez', 143),
('Pampa Hermosa', 143),
('Sarayacu', 143),
('Vargas Guerra', 143),
('Barranca', 144),
('Cahuapanas', 144),
('Manseriche', 144),
('Morona', 144),
('Pastaza', 144),
('Andoas', 144),
('Putumayo', 145),
('Rosa Panduro', 145),
('Teniente Manuel Clavero', 145),
('Yaguas', 145),
('Tambopata', 146),
('Inambari', 146),
('Las Piedras', 146),
('Laberinto', 146),
('Manu', 147),
('Fitzcarrald', 147),
('Madre de Dios', 147),
('Huepetuhe', 147),
('Iñapari', 148),
('Iberia', 148),
('Tahuamanu', 148),
('Moquegua', 149),
('Carumas', 149),
('Cuchumbaya', 149),
('Samegua', 149),
('San Cristóbal', 149),
('Torata', 149),
('Omate', 150),
('Chojata', 150),
('Coalaque', 150),
('Ichuña', 150),
('La Capilla', 150),
('Lloque', 150),
('Matalaque', 150),
('Puquina', 150),
('Quinistaquillas', 150),
('Ubinas', 150),
('Yunga', 150),
('Ilo', 151),
('El Algarrobal', 151),
('Pacocha', 151),
('Chaupimarca', 152),
('Huachon', 152),
('Huariaca', 152),
('Huayllay', 152),
('Ninacaca', 152),
('Pallanchacra', 152),
('Paucartambo', 152),
('San Francisco de Asís de Yarusyacan', 152),
('Simon Bolívar', 152),
('Ticlacayan', 152),
('Tinyahuarco', 152),
('Vicco', 152),
('Yanacancha', 152),
('Yanahuanca', 153),
('Chacayan', 153),
('Goyllarisquizga', 153),
('Paucar', 153),
('San Pedro de Pillao', 153),
('Santa Ana de Tusi', 153),
('Tapuc', 153),
('Vilcabamba', 153),
('Oxapampa', 154),
('Chontabamba', 154),
('Huancabamba', 154),
('Palcazu', 154),
('Pozuzo', 154),
('Puerto Bermúdez', 154),
('Villa Rica', 154),
('Constitución', 154),
('Piura', 155),
('Castilla', 155),
('Catacaos', 155),
('Cura Mori', 155),
('El Tallan', 155),
('La Arena', 155),
('La Unión', 155),
('Las Lomas', 155),
('Tambo Grande', 155),
('Veintiseis de Octubre', 155),
('Ayabaca', 156),
('Frias', 156),
('Jilili', 156),
('Lagunas', 156),
('Montero', 156),
('Pacaipampa', 156),
('Paimas', 156),
('Sapillica', 156),
('Sicchez', 156),
('Suyo', 156),
('Huancabamba', 157),
('Canchaque', 157),
('El Carmen de la Frontera', 157),
('Huarmaca', 157),
('Lalaquiz', 157),
('San Miguel de El Faique', 157),
('Sondor', 157),
('Sondorillo', 157),
('Chulucanas', 158),
('Buenos Aires', 158),
('Chalaco', 158),
('La Matanza', 158),
('Morropon', 158),
('Salitral', 158),
('San Juan de Bigote', 158),
('Santa Catalina de Mossa', 158),
('Santo Domingo', 158),
('Yamango', 158),
('Paita', 159),
('Amotape', 159),
('Arenal', 159),
('Colan', 159),
('La Huaca', 159),
('Tamarindo', 159),
('Vichayal', 159),
('Sullana', 160),
('Bellavista', 160),
('Ignacio Escudero', 160),
('Lancones', 160),
('Marcavelica', 160),
('Miguel Checa', 160),
('Querecotillo', 160),
('Salitral', 160),
('Pariñas', 161),
('El Alto', 161),
('La Brea', 161),
('Lobitos', 161),
('Los Organos', 161),
('Mancora', 161),
('Sechura', 162),
('Bellavista de la Unión', 162),
('Bernal', 162),
('Cristo Nos Valga', 162),
('Vice', 162),
('Rinconada Llicuar', 162),
('Puno', 163),
('Acora', 163),
('Amantani', 163),
('Atuncolla', 163),
('Capachica', 163),
('Chucuito', 163),
('Coata', 163),
('Huata', 163),
('Mañazo', 163),
('Paucarcolla', 163),
('Pichacani', 163),
('Plateria', 163),
('San Antonio', 163),
('Tiquillaca', 163),
('Vilque', 163),
('Azángaro', 164),
('Achaya', 164),
('Arapa', 164),
('Asillo', 164),
('Caminaca', 164),
('Chupa', 164),
('José Domingo Choquehuanca', 164),
('Muñani', 164),
('Potoni', 164),
('Saman', 164),
('San Anton', 164),
('San José', 164),
('San Juan de Salinas', 164),
('Santiago de Pupuja', 164),
('Tirapata', 164),
('Macusani', 165),
('Ajoyani', 165),
('Ayapata', 165),
('Coasa', 165),
('Corani', 165),
('Crucero', 165),
('Ituata', 165),
('Ollachea', 165),
('San Gaban', 165),
('Usicayos', 165),
('Juli', 166),
('Desaguadero', 166),
('Huacullani', 166),
('Kelluyo', 166),
('Pisacoma', 166),
('Pomata', 166),
('Zepita', 166),
('Ilave', 167),
('Capazo', 167),
('Pilcuyo', 167),
('Santa Rosa', 167),
('Conduriri', 167),
('Huancane', 168),
('Cojata', 168),
('Huatasani', 168),
('Inchupalla', 168),
('Pusi', 168),
('Rosaspata', 168),
('Taraco', 168),
('Vilque Chico', 168),
('Lampa', 169),
('Cabanilla', 169),
('Calapuja', 169),
('Nicasio', 169),
('Ocuviri', 169),
('Palca', 169),
('Paratia', 169),
('Pucara', 169),
('Santa Lucia', 169),
('Vilavila', 169),
('Ayaviri', 170),
('Antauta', 170),
('Cupi', 170),
('Llalli', 170),
('Macari', 170),
('Nuñoa', 170),
('Orurillo', 170),
('Santa Rosa', 170),
('Umachiri', 170),
('Moho', 171),
('Conima', 171),
('Huayrapata', 171),
('Tilali', 171),
('Putina', 172),
('Ananea', 172),
('Pedro Vilca Apaza', 172),
('Quilcapuncu', 172),
('Sina', 172),
('Juliaca', 173),
('Cabana', 173),
('Cabanillas', 173),
('Caracoto', 173),
('Sandia', 174),
('Cuyocuyo', 174),
('Limbani', 174),
('Patambuco', 174),
('Phara', 174),
('Quiaca', 174),
('San Juan del Oro', 174),
('Yanahuaya', 174),
('Alto Inambari', 174),
('San Pedro de Putina Punco', 174),
('Yunguyo', 175),
('Anapia', 175),
('Copani', 175),
('Cuturapi', 175),
('Ollaraya', 175),
('Tinicachi', 175),
('Unicachi', 175),
('Moyobamba', 176),
('Calzada', 176),
('Habana', 176),
('Jepelacio', 176),
('Soritor', 176),
('Yantalo', 176),
('Bellavista', 177),
('Alto Biavo', 177),
('Bajo Biavo', 177),
('Huallaga', 177),
('San Pablo', 177),
('San Rafael', 177),
('San José de Sisa', 178),
('Agua Blanca', 178),
('San Martín', 178),
('Santa Rosa', 178),
('Shatoja', 178),
('Saposoa', 179),
('Alto Saposoa', 179),
('El Eslabón', 179),
('Piscoyacu', 179),
('Sacanche', 179),
('Tingo de Saposoa', 179),
('Lamas', 180),
('Alonso de Alvarado', 180),
('Barranquita', 180),
('Caynarachi', 180),
('Cuñumbuqui', 180),
('Pinto Recodo', 180),
('Rumisapa', 180),
('San Roque de Cumbaza', 180),
('Shanao', 180),
('Tabalosos', 180),
('Zapatero', 180),
('Juanjuí', 181),
('Campanilla', 181),
('Huicungo', 181),
('Pachiza', 181),
('Pajarillo', 181),
('Picota', 182),
('Buenos Aires', 182),
('Caspisapa', 182),
('Pilluana', 182),
('Pucacaca', 182),
('San Cristóbal', 182),
('San Hilarión', 182),
('Shamboyacu', 182),
('Tingo de Ponasa', 182),
('Tres Unidos', 182),
('Rioja', 183),
('Awajun', 183),
('Elías Soplin Vargas', 183),
('Nueva Cajamarca', 183),
('Pardo Miguel', 183),
('Posic', 183),
('San Fernando', 183),
('Yorongos', 183),
('Yuracyacu', 183),
('Tarapoto', 184),
('Alberto Leveau', 184),
('Cacatachi', 184),
('Chazuta', 184),
('Chipurana', 184),
('El Porvenir', 184),
('Huimbayoc', 184),
('Juan Guerra', 184),
('La Banda de Shilcayo', 184),
('Morales', 184),
('Papaplaya', 184),
('San Antonio', 184),
('Sauce', 184),
('Shapaja', 184),
('Tocache', 185),
('Nuevo Progreso', 185),
('Polvora', 185),
('Shunte', 185),
('Uchiza', 185),
('Tacna', 186),
('Alto de la Alianza', 186),
('Calana', 186),
('Ciudad Nueva', 186),
('Inclan', 186),
('Pachia', 186),
('Palca', 186),
('Pocollay', 186),
('Sama', 186),
('Coronel Gregorio Albarracín Lanchipa', 186),
('La Yarada los Palos', 186),
('Candarave', 187),
('Cairani', 187),
('Camilaca', 187),
('Curibaya', 187),
('Huanuara', 187),
('Quilahuani', 187),
('Locumba', 188),
('Ilabaya', 188),
('Ite', 188),
('Tarata', 189),
('Héroes Albarracín', 189),
('Estique', 189),
('Estique-Pampa', 189),
('Sitajara', 189),
('Susapaya', 189),
('Tarucachi', 189),
('Ticaco', 189),
('Tumbes', 190),
('Corrales', 190),
('La Cruz', 190),
('Pampas de Hospital', 190),
('San Jacinto', 190),
('San Juan de la Virgen', 190),
('Zorritos', 191),
('Casitas', 191),
('Canoas de Punta Sal', 191),
('Zarumilla', 192),
('Aguas Verdes', 192),
('Matapalo', 192),
('Papayal', 192),
('Calleria', 193),
('Campoverde', 193),
('Iparia', 193),
('Masisea', 193),
('Yarinacocha', 193),
('Nueva Requena', 193),
('Manantay', 193),
('Raymondi', 194),
('Sepahua', 194),
('Tahuania', 194),
('Yurua', 194),
('Padre Abad', 195),
('Irazola', 195),
('Curimana', 195),
('Neshuya', 195),
('Alexander Von Humboldt', 195),
('Purus', 196);



-- Insertar categorías
INSERT INTO categorias (categoria) VALUES
('Vitinicolas'),
('Comida Oriental'),
('Hamburgueserías'),
('Pollerías'),
('Pescados y Mariscos'),
('Gourmet'),
('Comidas Peruanas'),
('Campestres'),
('Café y Pastelería'),
('Carnes y Parrillas'),
('Pizza'),
('Huariques y Otros');

INSERT INTO personas (apellidos, nombres, tipodoc, numerodoc, telefono) VALUES
('Ramírez', 'Carlos', 'DNI', '12345678', '987654321'),
('Gómez', 'Lucía', 'DNI', '23456789', '987111222'),
('Fernández', 'María', 'DNI', '34567890', '987333444'),
('Pérez', 'Jorge', 'DNI', '45678901', '987555666'),
('Torres', 'Ana', 'DNI', '56789012', '987777888'),
('Sánchez', 'Luis', 'DNI', '67890123', '987999000'),
('Cruz', 'Elena', 'DNI', '78901234', '986111222'),
('Díaz', 'Pedro', 'DNI', '89012345', '986333444'),
('Morales', 'Rosa', 'DNI', '90123456', '986555666'),
('Salazar', 'Andrés', 'DNI', '11223344', '986777888');


INSERT INTO usuarios (nombreusuario, claveacceso, nivelacceso, idpersona) VALUES
('admin1', '123456', 'admin', 1),
('carlosr', '123456', 'representante', 1),
('lucia_g', '123456', 'cliente', 2),
('mariaf', '123456', 'cliente', 3),
('jorgep', '123456', 'representante', 4),
('ana_t', '123456', 'cliente', 5),
('luiss', '123456', 'representante', 6),
('elenac', '123456', 'cliente', 7),
('pedrod', '123456', 'cliente', 8),
('rosa_m', '123456', 'representante', 9);

INSERT INTO negocios (idcategoria, idrepresentante, nombre, nombrecomercial, slogan, ruc, logo) VALUES
-- Categoría 1
(1, 2, 'Sushi King', 'Sushi King Perú', 'Sabor oriental', '21111111111', NULL),
(1, 3, 'Sushi Express', 'Sushi Express', 'Rápido y fresco', '21111111112', NULL),
(1, 4, 'Sushi Paradise', 'Sushi Paraíso', 'Del mar a tu mesa', '21111111113', NULL),
(1, 5, 'Sushi Master', 'Master Sushi', 'Arte en sushi', '21111111114', NULL),
(1, 6, 'Sushi Lovers', 'Sushi Lovers', 'Pasión por el sushi', '21111111115', NULL),

-- Categoría 2
(2, 7, 'Burger Palace', 'Burger Palace', 'El rey de la hamburguesa', '21222222221', NULL),
(2, 8, 'King Burgers', 'King Burgers', 'Sabor que conquista', '21222222222', NULL),
(2, 9, 'Burger Town', 'Burger Town', 'Hamburguesas irresistibles', '21222222223', NULL),
(2, 10, 'Fast Burger', 'Fast Burger', 'Rápido y delicioso', '21222222224', NULL),
(2, 1, 'Burger Spot', 'Burger Spot', 'Tu lugar de hamburguesas', '21222222225', NULL),

-- Categoría 3
(3, 2, 'Pollo Rico', 'Pollo Rico', 'Sabores que enamoran', '21333333331', NULL),
(3, 3, 'Pollos Feliz', 'Pollos Feliz', 'Sabor y tradición', '21333333332', NULL),
(3, 4, 'El Buen Pollo', 'Buen Pollo', 'Del campo a tu plato', '21333333333', NULL),
(3, 5, 'Pollo Dorado', 'Pollo Dorado', 'Crujiente y sabroso', '21333333334', NULL),
(3, 6, 'Pollo Express', 'Pollo Express', 'Rápido y delicioso', '21333333335', NULL),

-- Categoría 4
(4, 7, 'La Mar', 'Mariscos La Mar', 'Frescura del océano', '21444444441', NULL),
(4, 8, 'Mar y Sabor', 'Mar y Sabor', 'Mariscos y más', '21444444442', NULL),
(4, 9, 'Ola Marina', 'Ola Marina', 'Del mar a tu mesa', '21444444443', NULL),
(4, 10, 'El Puerto', 'El Puerto', 'Sabor costero', '21444444444', NULL),
(4, 1, 'Mariscos Express', 'Mariscos Express', 'Rápido y fresco', '21444444445', NULL),

-- Categoría 5
(5, 2, 'Gourmet 5 Estrellas', 'G5E', 'Exquisitez sin igual', '21555555551', NULL),
(5, 3, 'Delicias Gourmet', 'Delicias G', 'Sabor y elegancia', '21555555552', NULL),
(5, 4, 'Alta Cocina', 'Alta Cocina', 'Gastronomía de lujo', '21555555553', NULL),
(5, 5, 'Sabor Supremo', 'Sabor Supremo', 'Placer para tu paladar', '21555555554', NULL),
(5, 6, 'Gourmet Express', 'Gourmet Express', 'Rápido y delicioso', '21555555555', NULL),

-- Categoría 6
(6, 7, 'Sabores Andinos', 'Sabores Andinos', 'Lo nuestro con amor', '21666666661', NULL),
(6, 8, 'Perú Sabe', 'Perú Sabe', 'Tradición y sabor', '21666666662', NULL),
(6, 9, 'Delicias del Perú', 'Delicias Perú', 'Gusto autóctono', '21666666663', NULL),
(6, 10, 'Cocina Criolla', 'Cocina Criolla', 'Sabor peruano', '21666666664', NULL),
(6, 1, 'Perú Gourmet', 'Perú Gourmet', 'Auténtico sabor', '21666666665', NULL),

-- Categoría 7
(7, 2, 'Campo Natural', 'Campo Natural', 'Frescura y salud', '21777777771', NULL),
(7, 3, 'Verde Vida', 'Verde Vida', 'Sabor y naturaleza', '21777777772', NULL),
(7, 4, 'Eco Campo', 'Eco Campo', 'Lo natural primero', '21777777773', NULL),
(7, 5, 'Agro Delicia', 'Agro Delicia', 'Del campo a tu plato', '21777777774', NULL),
(7, 6, 'Granja Verde', 'Granja Verde', 'Productos frescos', '21777777775', NULL),

-- Categoría 8
(8, 7, 'Café Aroma', 'Café Aroma', 'El mejor café', '21888888881', NULL),
(8, 8, 'Dulce Café', 'Dulce Café', 'Para los amantes del café', '21888888882', NULL),
(8, 9, 'Café Express', 'Café Express', 'Rápido y delicioso', '21888888883', NULL),
(8, 10, 'Café Gourmet', 'Café Gourmet', 'Sabor intenso', '21888888884', NULL),
(8, 1, 'Café Natural', 'Café Natural', 'Auténtico aroma', '21888888885', NULL),

-- Categoría 9
(9, 2, 'Parrilla Real', 'Parrilla Real', 'Carnes a la perfección', '21999999991', NULL),
(9, 3, 'Asado Master', 'Asado Master', 'El asado de tu vida', '21999999992', NULL),
(9, 4, 'Don Asado', 'Don Asado', 'Sabor al carbón', '21999999993', NULL),
(9, 5, 'Carne & Sabor', 'Carne & Sabor', 'Para los amantes de la carne', '21999999994', NULL),
(9, 6, 'Parrillas Express', 'Parrillas Express', 'Rápido y sabroso', '21999999995', NULL),

-- Categoría 10
(10, 7, 'Pizza Mania', 'Pizza Mania', 'La pizza que encanta', '21010101011', NULL),
(10, 8, 'Pizza House', 'Pizza House', 'Sabor que conquista', '21010101012', NULL),
(10, 9, 'Pizza Express', 'Pizza Express', 'Rápido y delicioso', '21010101013', NULL),
(10, 10, 'Pizza Gourmet', 'Pizza Gourmet', 'Delicia en cada porción', '21010101014', NULL),
(10, 1, 'Pizza Total', 'Pizza Total', 'El toque perfecto', '21010101015', NULL);





SELECT*FROM negocios;
INSERT INTO locales (idnegocio, iddistrito, direccion, telefono, latitud, longitud) VALUES
(1, 1, 'Av. Japón 123', '987000111', -12.0464, -77.0428),
(2, 1, 'Av. Brasil 456', '987000222', -12.0564, -77.0528),
(3, 1, 'Av. Aviación 789', '987000333', -12.0664, -77.0628),
(4, 1, 'Av. La Marina 101', '987000444', -12.0764, -77.0728),
(5, 1, 'Av. Primavera 202', '987000555', -12.0864, -77.0828),
(6, 1, 'Av. Caminos del Inca 303', '987000666', -12.0964, -77.0928),
(7, 1, 'Av. Javier Prado 404', '987000777', -12.1064, -77.1028),
(8, 1, 'Av. Grau 505', '987000888', -12.1164, -77.1128),
(9, 1, 'Av. San Borja 606', '987000999', -12.1264, -77.1228),
(10, 1, 'Av. Angamos 707', '987000000', -12.1364, -77.1328);

INSERT INTO secciones (seccion) VALUES
('Entradas'),
('Platos de Fondo'),
('Bebidas'),
('Postres'),
('Combos'),
('Especialidades'),
('Promociones'),
('Vegetarianos'),
('Infantil'),
('Sugerencias del Chef');

INSERT INTO cartas (idlocales, idseccion, nombreplato, precio) VALUES
(1, 1, 'Maki Acevichado', 25.00),
(2, 2, 'Hamburguesa Doble', 18.00),
(3, 2, 'Pollo a la Brasa', 45.00),
(4, 2, 'Ceviche Mixto', 30.00),
(5, 2, 'Filete Mignon', 55.00),
(6, 2, 'Lomo Saltado', 28.00),
(7, 2, 'Pachamanca', 60.00),
(8, 3, 'Café Latte', 10.00),
(9, 2, 'Parrilla Mixta', 75.00),
(10, 2, 'Pizza Pepperoni', 32.00);


INSERT INTO recursos (idcarta, descripcion, rutarecurso, tiporecurso) VALUES
(1, 'Foto del Maki Acevichado', 'maki.jpg', 'imagen'),
(2, 'Foto Hamburguesa', 'burger.jpg', 'imagen'),
(3, 'Foto Pollo a la Brasa', 'pollo.jpg', 'imagen'),
(4, 'Foto Ceviche Mixto', 'ceviche.jpg', 'imagen'),
(5, 'Foto Filete Mignon', 'filete.jpg', 'imagen'),
(6, 'Foto Lomo Saltado', 'lomo.jpg', 'imagen'),
(7, 'Foto Pachamanca', 'pachamanca.jpg', 'imagen'),
(8, 'Foto Café Latte', 'cafe.jpg', 'imagen'),
(9, 'Foto Parrilla Mixta', 'parrilla.jpg', 'imagen'),
(10, 'Foto Pizza Pepperoni', 'pizza.jpg', 'imagen');


INSERT INTO horarios (idlocales, diasemana, inicio, fin) VALUES
(1, 'lunes', '09:00:00', '22:00:00'),
(2, 'martes', '09:00:00', '22:00:00'),
(3, 'miercoles', '09:00:00', '22:00:00'),
(4, 'jueves', '09:00:00', '22:00:00'),
(5, 'viernes', '09:00:00', '23:59:00'),
(6, 'sabado', '09:00:00', '23:59:00'),
(7, 'domingo', '09:00:00', '20:00:00'),
(8, 'viernes', '10:00:00', '22:00:00'),
(9, 'sabado', '10:00:00', '22:00:00'),
(10, 'domingo', '10:00:00', '22:00:00');


INSERT INTO reservas (idhorario, fechahora, cantidadpersonas, confirmacion, idusuariovalida, idpersonasolicitud) VALUES
(1, '2025-09-20 19:00:00', 2, 1, 1, 2),
(2, '2025-09-20 20:00:00', 4, 0, NULL, 3),
(3, '2025-09-21 13:00:00', 5, 1, 2, 4),
(4, '2025-09-21 14:00:00', 3, 1, 1, 5),
(5, '2025-09-22 18:00:00', 6, 0, NULL, 6),
(6, '2025-09-22 19:30:00', 2, 1, 3, 7),
(7, '2025-09-23 12:00:00', 8, 1, 2, 8),
(8, '2025-09-23 15:00:00', 4, 0, NULL, 9),
(9, '2025-09-24 20:00:00', 10, 1, 1, 10),
(10, '2025-09-24 21:00:00', 2, 1, 2, 3);


INSERT INTO comentarios (idlocales, tokenusuario, comentario, valoracion) VALUES
(1, 'token1', 'Excelente sushi, muy fresco.', 5),
(2, 'token2', 'Las hamburguesas estaban frías.', 2),
(3, 'token3', 'El pollo a la brasa delicioso.', 5),
(4, 'token4', 'Ceviche normalito, esperaba más.', 3),
(5, 'token5', 'Comida gourmet espectacular.', 5),
(6, 'token6', 'El lomo saltado estaba muy bueno.', 4),
(7, 'token7', 'Un ambiente campestre muy bonito.', 5),
(8, 'token8', 'Buen café, pero poca variedad.', 4),
(9, 'token9', 'La parrilla estaba quemada.', 2),
(10, 'token10', 'La pizza riquísima.', 5);


INSERT INTO contratos (idusuario, idnegocio, fechainicio, fechafin, inversion) VALUES
(2, 1, '2025-01-01', '2025-12-31', 50000.00),
(4, 2, '2025-02-01', '2025-12-31', 40000.00),
(5, 3, '2025-03-01', '2025-12-31', 30000.00),
(6, 4, '2025-04-01', '2025-12-31', 20000.00),
(7, 5, '2025-05-01', '2025-12-31', 60000.00),
(8, 6, '2025-06-01', '2025-12-31', 25000.00),
(9, 7, '2025-07-01', '2025-12-31', 15000.00),
(10, 8, '2025-08-01', '2025-12-31', 10000.00),
(3, 9, '2025-09-01', '2025-12-31', 35000.00),
(1, 10, '2025-10-01', '2025-12-31', 45000.00);
