-- --------------------------------------------------------
-- Host:                         127.0.0.1
-- Versión del servidor:         8.4.3 - MySQL Community Server - GPL
-- SO del servidor:              Win64
-- HeidiSQL Versión:             12.8.0.6908
-- --------------------------------------------------------


/*!40101 SET @OLD_CHARACTER_SET_CLIENT=@@CHARACTER_SET_CLIENT */;
/*!40101 SET NAMES utf8 */;
/*!50503 SET NAMES utf8mb4 */;
/*!40103 SET @OLD_TIME_ZONE=@@TIME_ZONE */;
/*!40103 SET TIME_ZONE='+00:00' */;
/*!40014 SET @OLD_FOREIGN_KEY_CHECKS=@@FOREIGN_KEY_CHECKS, FOREIGN_KEY_CHECKS=0 */;
/*!40101 SET @OLD_SQL_MODE=@@SQL_MODE, SQL_MODE='NO_AUTO_VALUE_ON_ZERO' */;
/*!40111 SET @OLD_SQL_NOTES=@@SQL_NOTES, SQL_NOTES=0 */;


-- Volcando estructura de base de datos para sistema_menus
CREATE DATABASE IF NOT EXISTS `sistema_menus` /*!40100 DEFAULT CHARACTER SET utf8mb4 COLLATE utf8mb4_0900_ai_ci */ /*!80016 DEFAULT ENCRYPTION='N' */;
USE `sistema_menus`;

-- Volcando estructura para tabla sistema_menus.cartas
CREATE TABLE IF NOT EXISTS `cartas` (
  `idcarta` int NOT NULL AUTO_INCREMENT,
  `idlocales` int NOT NULL,
  `idseccion` int NOT NULL,
  `nombreplato` varchar(150) CHARACTER SET utf8mb4 COLLATE utf8mb4_0900_ai_ci NOT NULL,
  `precio` decimal(10,2) DEFAULT NULL,
  `foto` varchar(255) CHARACTER SET utf8mb4 COLLATE utf8mb4_0900_ai_ci DEFAULT NULL,
  PRIMARY KEY (`idcarta`),
  KEY `idlocales` (`idlocales`),
  KEY `fk_cartas_seccion` (`idseccion`),
  CONSTRAINT `cartas_ibfk_1` FOREIGN KEY (`idlocales`) REFERENCES `locales` (`idlocales`),
  CONSTRAINT `fk_cartas_seccion` FOREIGN KEY (`idseccion`) REFERENCES `secciones` (`idseccion`)
) ENGINE=InnoDB AUTO_INCREMENT=54 DEFAULT CHARSET=utf8mb4 COLLATE=utf8mb4_general_ci;

-- Volcando datos para la tabla sistema_menus.cartas: ~51 rows (aproximadamente)
INSERT INTO `cartas` (`idcarta`, `idlocales`, `idseccion`, `nombreplato`, `precio`, `foto`) VALUES
	(3, 1, 1, 'Rollos de Sushi Especiales', 25.00, 'uploads/cartas/1759089177_62adcbe471517748a56c.jpg'),
	(4, 1, 1, 'Alitas de Pollo Glaseadas con Sésamo', 20.00, 'uploads/cartas/1759090924_256ef0e06dcb842189ed.jpg'),
	(5, 1, 1, 'Vieiras Gratinadas con Salsa de Miso', 20.00, 'uploads/cartas/1759090958_11948b923ed28738bad5.jpg'),
	(6, 1, 3, 'Cócteles Orientales', 10.00, 'uploads/cartas/1759090993_128ffa5c43f186a3d168.jpg'),
	(7, 1, 2, 'Barco de Sushi Variado', 25.00, 'uploads/cartas/1759091028_b1c64adab9d4a0476fe1.jpg'),
	(8, 1, 2, 'Bandeja de Sushi y Sashimi', 25.00, 'uploads/cartas/1759091061_e1342d075ead51f5d82a.jpg'),
	(9, 2, 1, 'Tallarín Taypa', 20.00, 'uploads/cartas/1759091148_96f29499faad01a1e6aa.jpg'),
	(10, 2, 1, 'Pollo con huevo de Codorniz y Champiñones', 25.00, 'uploads/cartas/1759091176_2bddfb49cd571ee14fd9.jpg'),
	(11, 2, 1, 'Alitas con tausi', 20.00, 'uploads/cartas/1759091202_65d6fef4d950c332c7fa.jpg'),
	(12, 2, 1, 'Chijaukay', 25.00, 'uploads/cartas/1759091236_20be47b85e6b85a30331.jpg'),
	(13, 2, 1, 'Sopa de wantán especial', 25.00, 'uploads/cartas/1759091271_883a5c6e9791095e0cac.jpg'),
	(14, 2, 2, 'Tortilla especial', 25.00, 'uploads/cartas/1759091302_99f0194c52e595d8701a.jpg'),
	(15, 3, 6, 'LOMO TARE', 20.00, 'uploads/cartas/1759167959_eadf32bf99d4bfe7313f.jpg'),
	(16, 3, 1, 'Parmesano Maki', 20.00, 'uploads/cartas/1759168053_bb4e2e7f94f62e2ec991.jpg'),
	(17, 3, 1, 'ramen', 15.00, 'uploads/cartas/1759168101_b0a220219720eb616bc0.jpg'),
	(18, 3, 2, 'langostinos empanizados al panko', 25.00, 'uploads/cartas/1759168185_21764ffdbaf1fa65248a.jpg'),
	(19, 3, 1, 'Chicken Katsu,', 30.00, 'uploads/cartas/1759168312_8f6cedb966209e442657.jpg'),
	(20, 3, 2, 'Gyozas Fritas', 20.00, 'uploads/cartas/1759168409_ded87fe7b8a42c30d76a.jpg'),
	(21, 5, 1, 'CLASSIC BURGUER', 15.00, 'uploads/cartas/1759169048_16bc9766e067901be7ca.jpg'),
	(22, 5, 1, 'CHESSE BURGUER', 20.00, 'uploads/cartas/1759169066_e523d8d5236db2c255be.jpg'),
	(23, 5, 2, 'BACON BURGUER', 20.00, 'uploads/cartas/1759169084_f35214a739c648630ece.jpg'),
	(24, 5, 1, 'SALCHIPAPA', 15.00, 'uploads/cartas/1759169278_89f3090b9c6ad2fc89bc.jpg'),
	(25, 5, 1, 'CHORIPAN', 10.00, 'uploads/cartas/1759169328_e49a7ea019b26bbd9bb3.jpg'),
	(26, 5, 1, 'BURRITO DE CARNE', 15.00, 'uploads/cartas/1759169389_8f3bc3756347f2c34ec5.jpg'),
	(27, 4, 1, 'Hamburguesa Hawaiana', 20.00, 'uploads/cartas/1759170166_d970b6b56e91b27b4fcc.jpg'),
	(28, 4, 1, 'Hamburguesa a lo pobre', 20.00, 'uploads/cartas/1759170195_1fa81ecc70e8f882732c.jpg'),
	(29, 4, 2, 'Clásica con papas al hilo', 15.00, 'uploads/cartas/1759170226_a63b0a9f559fbfff0b3e.jpg'),
	(30, 4, 1, 'Clásica con papas nativas', 18.00, 'uploads/cartas/1759170252_1b5d493238c606d21918.jpg'),
	(31, 4, 2, 'Hamburguesa clásica', 20.00, 'uploads/cartas/1759170292_19009cad22b4eb114d4b.jpg'),
	(32, 4, 1, 'Salchipapa', 10.00, 'uploads/cartas/1759170324_a899a27a6d92da608c0a.jpg'),
	(33, 6, 1, 'Atrevido Punto Marino', 20.00, 'uploads/cartas/1759170481_10803333a2265d8a7ff2.jpg'),
	(34, 6, 2, 'Concha a la Parmesana', 20.00, 'uploads/cartas/1759170513_862350d3391624df8599.jpg'),
	(35, 6, 2, 'Salteado Marinero', 15.00, 'uploads/cartas/1759170540_47868f704fe94377cdd7.jpg'),
	(36, 6, 2, 'Causa Agresiva', 20.00, 'uploads/cartas/1759170574_43d9f19584f789bc7666.jpg'),
	(37, 6, 2, 'Jalea Mixta', 18.00, 'uploads/cartas/1759170602_ca11a296f582f9f71ec2.jpg'),
	(38, 6, 2, 'Parihuela', 20.00, 'uploads/cartas/1759170636_b9b2554bde2153bf6da3.jpg'),
	(39, 7, 3, 'Vinos Semisecos', 30.00, 'uploads/cartas/1759178082_ff0595ae7fd781244e03.jpg'),
	(40, 7, 3, 'Vinos Dulces', 30.00, 'uploads/cartas/1759178103_aab568b39419ff839d03.jpg'),
	(41, 7, 3, 'Macerados', 25.00, 'uploads/cartas/1759178160_f0a1587ab3694b5a1605.jpg'),
	(42, 7, 3, 'Cremas de Pisco', 15.00, 'uploads/cartas/1759178189_238059b77edcd4adc55c.jpg'),
	(43, 7, 3, 'Gran Severiano', 28.00, 'uploads/cartas/1759178209_c2b65aea5c3b1837d7d9.jpg'),
	(44, 7, 3, 'Vinos dulces y Semiseco', 20.00, 'uploads/cartas/1759178271_b12206945e3ef82bfea8.jpg'),
	(45, 8, 3, 'Borgoña', 35.00, 'uploads/cartas/1759178402_c9ea50d9d1e969d1ca1a.jpg'),
	(46, 8, 3, 'Vino Rose', 25.00, 'uploads/cartas/1759178434_f0761218f4d397cb8ff1.jpg'),
	(47, 8, 3, 'Mistela', 30.00, 'uploads/cartas/1759178475_d85a1dc60d01465df0a9.jpg'),
	(48, 8, 3, 'Pisco Acholado y Quebranta', 35.00, 'uploads/cartas/1759178505_d3912b031b7188948c22.jpg'),
	(49, 8, 3, 'Vinos y Piscos', 30.00, 'uploads/cartas/1759178536_4d37cd9bc50cd19a3514.jpg'),
	(50, 8, 3, 'Vinos dulces y Zahan', 25.00, 'uploads/cartas/1759178568_dbd6a6727a928ac3655f.jpg'),
	(51, 9, 3, 'Macerados', 20.00, 'uploads/cartas/1759178653_38ddc1d7dbb48534c005.jpg'),
	(52, 9, 3, 'Pisco torontel y quebranta', 35.00, 'uploads/cartas/1759178695_fa96557679da0e07b959.jpg'),
	(53, 9, 3, 'Licores de crema', 30.00, 'uploads/cartas/1759178732_569cd9e776e9fd53084c.jpg');

-- Volcando estructura para tabla sistema_menus.categorias
CREATE TABLE IF NOT EXISTS `categorias` (
  `idcategoria` int NOT NULL AUTO_INCREMENT,
  `categoria` varchar(100) CHARACTER SET utf8mb4 COLLATE utf8mb4_0900_ai_ci NOT NULL,
  PRIMARY KEY (`idcategoria`)
) ENGINE=InnoDB AUTO_INCREMENT=13 DEFAULT CHARSET=utf8mb4 COLLATE=utf8mb4_general_ci;

-- Volcando datos para la tabla sistema_menus.categorias: ~12 rows (aproximadamente)
INSERT INTO `categorias` (`idcategoria`, `categoria`) VALUES
	(1, 'Vitinicolas'),
	(2, 'Comida Oriental'),
	(3, 'Hamburgueserías'),
	(4, 'Pollerías'),
	(5, 'Pescados y Mariscos'),
	(6, 'Gourmet'),
	(7, 'Comidas Peruanas'),
	(8, 'Campestres'),
	(9, 'Café y Pastelería'),
	(10, 'Carnes y Parrillas'),
	(11, 'Pizza'),
	(12, 'Huariques y Otros');

-- Volcando estructura para tabla sistema_menus.comentarios
CREATE TABLE IF NOT EXISTS `comentarios` (
  `idcomentario` int NOT NULL AUTO_INCREMENT,
  `idlocales` int NOT NULL,
  `tokenusuario` varchar(100) CHARACTER SET utf8mb4 COLLATE utf8mb4_0900_ai_ci DEFAULT NULL,
  `fechahora` datetime NOT NULL DEFAULT CURRENT_TIMESTAMP,
  `comentario` text CHARACTER SET utf8mb4 COLLATE utf8mb4_0900_ai_ci,
  `valoracion` int DEFAULT NULL,
  PRIMARY KEY (`idcomentario`),
  KEY `idlocales` (`idlocales`),
  CONSTRAINT `comentarios_ibfk_1` FOREIGN KEY (`idlocales`) REFERENCES `locales` (`idlocales`),
  CONSTRAINT `comentarios_chk_1` CHECK (((`valoracion` >= 1) and (`valoracion` <= 5)))
) ENGINE=InnoDB DEFAULT CHARSET=utf8mb4 COLLATE=utf8mb4_general_ci;



-- Volcando datos para la tabla sistema_menus.comentarios: ~0 rows (aproximadamente)

-- Volcando estructura para tabla sistema_menus.contratos
CREATE TABLE IF NOT EXISTS `contratos` (
  `idcontrato` int NOT NULL AUTO_INCREMENT,
  `idusuario` int NOT NULL,
  `idnegocio` int NOT NULL,
  `fechainicio` date DEFAULT NULL,
  `fechafin` date DEFAULT NULL,
  `inversion` decimal(12,2) DEFAULT NULL,
  PRIMARY KEY (`idcontrato`),
  KEY `idusuario` (`idusuario`),
  KEY `idnegocio` (`idnegocio`),
  CONSTRAINT `contratos_ibfk_1` FOREIGN KEY (`idusuario`) REFERENCES `usuarios` (`idusuario`),
  CONSTRAINT `contratos_ibfk_2` FOREIGN KEY (`idnegocio`) REFERENCES `negocios` (`idnegocio`)
) ENGINE=InnoDB DEFAULT CHARSET=utf8mb4 COLLATE=utf8mb4_general_ci;

-- Volcando datos para la tabla sistema_menus.contratos: ~0 rows (aproximadamente)

-- Volcando estructura para tabla sistema_menus.departamentos
CREATE TABLE IF NOT EXISTS `departamentos` (
  `iddepartamento` int NOT NULL AUTO_INCREMENT,
  `departamento` varchar(100) CHARACTER SET utf8mb4 COLLATE utf8mb4_0900_ai_ci NOT NULL,
  PRIMARY KEY (`iddepartamento`),
  UNIQUE KEY `departamento` (`departamento`)
) ENGINE=InnoDB AUTO_INCREMENT=26 DEFAULT CHARSET=utf8mb4 COLLATE=utf8mb4_general_ci;

-- Volcando datos para la tabla sistema_menus.departamentos: ~25 rows (aproximadamente)
INSERT INTO `departamentos` (`iddepartamento`, `departamento`) VALUES
	(1, 'Amazonas'),
	(2, 'Áncash'),
	(3, 'Apurímac'),
	(4, 'Arequipa'),
	(5, 'Ayacucho'),
	(6, 'Cajamarca'),
	(7, 'Callao'),
	(8, 'Cusco'),
	(9, 'Huancavelica'),
	(10, 'Huánuco'),
	(11, 'Ica'),
	(12, 'Junín'),
	(13, 'La Libertad'),
	(14, 'Lambayeque'),
	(15, 'Lima'),
	(16, 'Loreto'),
	(17, 'Madre de Dios'),
	(18, 'Moquegua'),
	(19, 'Pasco'),
	(20, 'Piura'),
	(21, 'Puno'),
	(22, 'San Martín'),
	(23, 'Tacna'),
	(24, 'Tumbes'),
	(25, 'Ucayali');

-- Volcando estructura para tabla sistema_menus.distritos
CREATE TABLE IF NOT EXISTS `distritos` (
  `iddistrito` int NOT NULL AUTO_INCREMENT,
  `distrito` varchar(100) CHARACTER SET utf8mb4 COLLATE utf8mb4_0900_ai_ci NOT NULL,
  `idprovincia` int NOT NULL,
  PRIMARY KEY (`iddistrito`),
  KEY `idprovincia` (`idprovincia`),
  CONSTRAINT `distritos_ibfk_1` FOREIGN KEY (`idprovincia`) REFERENCES `provincias` (`idprovincia`)
) ENGINE=InnoDB AUTO_INCREMENT=1868 DEFAULT CHARSET=utf8mb4 COLLATE=utf8mb4_general_ci;

-- Volcando datos para la tabla sistema_menus.distritos: ~1,867 rows (aproximadamente)
INSERT INTO `distritos` (`iddistrito`, `distrito`, `idprovincia`) VALUES
	(1, 'Chachapoyas', 1),
	(2, 'Asunción', 1),
	(3, 'Balsas', 1),
	(4, 'Cheto', 1),
	(5, 'Chiliquin', 1),
	(6, 'Chuquibamba', 1),
	(7, 'Granada', 1),
	(8, 'Huancas', 1),
	(9, 'La Jalca', 1),
	(10, 'Leimebamba', 1),
	(11, 'Levanto', 1),
	(12, 'Magdalena', 1),
	(13, 'Mariscal Castilla', 1),
	(14, 'Molinopampa', 1),
	(15, 'Montevideo', 1),
	(16, 'Olleros', 1),
	(17, 'Quinjalca', 1),
	(18, 'San Francisco de Daguas', 1),
	(19, 'San Isidro de Maino', 1),
	(20, 'Soloco', 1),
	(21, 'Sonche', 1),
	(22, 'Bagua', 2),
	(23, 'Aramango', 2),
	(24, 'Copallin', 2),
	(25, 'El Parco', 2),
	(26, 'Imaza', 2),
	(27, 'La Peca', 2),
	(28, 'Jumbilla', 3),
	(29, 'Chisquilla', 3),
	(30, 'Churuja', 3),
	(31, 'Corosha', 3),
	(32, 'Cuispes', 3),
	(33, 'Florida', 3),
	(34, 'Jazan', 3),
	(35, 'Recta', 3),
	(36, 'San Carlos', 3),
	(37, 'Shipasbamba', 3),
	(38, 'Valera', 3),
	(39, 'Yambrasbamba', 3),
	(40, 'Nieva', 4),
	(41, 'El Cenepa', 4),
	(42, 'Río Santiago', 4),
	(43, 'Lamud', 5),
	(44, 'Camporredondo', 5),
	(45, 'Cocabamba', 5),
	(46, 'Colcamar', 5),
	(47, 'Conila', 5),
	(48, 'Inguilpata', 5),
	(49, 'Longuita', 5),
	(50, 'Lonya Chico', 5),
	(51, 'Luya', 5),
	(52, 'Luya Viejo', 5),
	(53, 'María', 5),
	(54, 'Ocalli', 5),
	(55, 'Ocumal', 5),
	(56, 'Pisuquia', 5),
	(57, 'Providencia', 5),
	(58, 'San Cristóbal', 5),
	(59, 'San Francisco de Yeso', 5),
	(60, 'San Jerónimo', 5),
	(61, 'San Juan de Lopecancha', 5),
	(62, 'Santa Catalina', 5),
	(63, 'Santo Tomas', 5),
	(64, 'Tingo', 5),
	(65, 'Trita', 5),
	(66, 'San Nicolás', 6),
	(67, 'Chirimoto', 6),
	(68, 'Cochamal', 6),
	(69, 'Huambo', 6),
	(70, 'Limabamba', 6),
	(71, 'Longar', 6),
	(72, 'Mariscal Benavides', 6),
	(73, 'Milpuc', 6),
	(74, 'Omia', 6),
	(75, 'Santa Rosa', 6),
	(76, 'Totora', 6),
	(77, 'Vista Alegre', 6),
	(78, 'Bagua Grande', 7),
	(79, 'Cajaruro', 7),
	(80, 'Cumba', 7),
	(81, 'El Milagro', 7),
	(82, 'Jamalca', 7),
	(83, 'Lonya Grande', 7),
	(84, 'Yamon', 7),
	(85, 'Huaraz', 8),
	(86, 'Cochabamba', 8),
	(87, 'Colcabamba', 8),
	(88, 'Huanchay', 8),
	(89, 'Independencia', 8),
	(90, 'Jangas', 8),
	(91, 'La Libertad', 8),
	(92, 'Olleros', 8),
	(93, 'Pampas Grande', 8),
	(94, 'Pariacoto', 8),
	(95, 'Pira', 8),
	(96, 'Tarica', 8),
	(97, 'Aija', 9),
	(98, 'Coris', 9),
	(99, 'Huacllan', 9),
	(100, 'La Merced', 9),
	(101, 'Succha', 9),
	(102, 'Llamellin', 10),
	(103, 'Aczo', 10),
	(104, 'Chaccho', 10),
	(105, 'Chingas', 10),
	(106, 'Mirgas', 10),
	(107, 'San Juan de Rontoy', 10),
	(108, 'Chacas', 11),
	(109, 'Acochaca', 11),
	(110, 'Chiquian', 12),
	(111, 'Abelardo Pardo Lezameta', 12),
	(112, 'Antonio Raymondi', 12),
	(113, 'Aquia', 12),
	(114, 'Cajacay', 12),
	(115, 'Canis', 12),
	(116, 'Colquioc', 12),
	(117, 'Huallanca', 12),
	(118, 'Huasta', 12),
	(119, 'Huayllacayan', 12),
	(120, 'La Primavera', 12),
	(121, 'Mangas', 12),
	(122, 'Pacllon', 12),
	(123, 'San Miguel de Corpanqui', 12),
	(124, 'Ticllos', 12),
	(125, 'Carhuaz', 13),
	(126, 'Acopampa', 13),
	(127, 'Amashca', 13),
	(128, 'Anta', 13),
	(129, 'Ataquero', 13),
	(130, 'Marcara', 13),
	(131, 'Pariahuanca', 13),
	(132, 'San Miguel de Aco', 13),
	(133, 'Shilla', 13),
	(134, 'Tinco', 13),
	(135, 'Yungar', 13),
	(136, 'San Luis', 14),
	(137, 'San Nicolás', 14),
	(138, 'Yauya', 14),
	(139, 'Casma', 15),
	(140, 'Buena Vista Alta', 15),
	(141, 'Comandante Noel', 15),
	(142, 'Yautan', 15),
	(143, 'Corongo', 16),
	(144, 'Aco', 16),
	(145, 'Bambas', 16),
	(146, 'Cusca', 16),
	(147, 'La Pampa', 16),
	(148, 'Yanac', 16),
	(149, 'Yupan', 16),
	(150, 'Huari', 17),
	(151, 'Anra', 17),
	(152, 'Cajay', 17),
	(153, 'Chavin de Huantar', 17),
	(154, 'Huacachi', 17),
	(155, 'Huacchis', 17),
	(156, 'Huachis', 17),
	(157, 'Huantar', 17),
	(158, 'Masin', 17),
	(159, 'Paucas', 17),
	(160, 'Ponto', 17),
	(161, 'Rahuapampa', 17),
	(162, 'Rapayan', 17),
	(163, 'San Marcos', 17),
	(164, 'San Pedro de Chana', 17),
	(165, 'Uco', 17),
	(166, 'Huarmey', 18),
	(167, 'Cochapeti', 18),
	(168, 'Culebras', 18),
	(169, 'Huayan', 18),
	(170, 'Malvas', 18),
	(171, 'Caraz', 19),
	(172, 'Huallanca', 19),
	(173, 'Huata', 19),
	(174, 'Huaylas', 19),
	(175, 'Mato', 19),
	(176, 'Pamparomas', 19),
	(177, 'Pueblo Libre', 19),
	(178, 'Santa Cruz', 19),
	(179, 'Santo Toribio', 19),
	(180, 'Yuracmarca', 19),
	(181, 'Piscobamba', 20),
	(182, 'Casca', 20),
	(183, 'Eleazar Guzmán Barron', 20),
	(184, 'Fidel Olivas Escudero', 20),
	(185, 'Llama', 20),
	(186, 'Llumpa', 20),
	(187, 'Lucma', 20),
	(188, 'Musga', 20),
	(189, 'Ocros', 21),
	(190, 'Acas', 21),
	(191, 'Cajamarquilla', 21),
	(192, 'Carhuapampa', 21),
	(193, 'Cochas', 21),
	(194, 'Congas', 21),
	(195, 'Llipa', 21),
	(196, 'San Cristóbal de Rajan', 21),
	(197, 'San Pedro', 21),
	(198, 'Santiago de Chilcas', 21),
	(199, 'Cabana', 22),
	(200, 'Bolognesi', 22),
	(201, 'Conchucos', 22),
	(202, 'Huacaschuque', 22),
	(203, 'Huandoval', 22),
	(204, 'Lacabamba', 22),
	(205, 'Llapo', 22),
	(206, 'Pallasca', 22),
	(207, 'Pampas', 22),
	(208, 'Santa Rosa', 22),
	(209, 'Tauca', 22),
	(210, 'Pomabamba', 23),
	(211, 'Huayllan', 23),
	(212, 'Parobamba', 23),
	(213, 'Quinuabamba', 23),
	(214, 'Recuay', 24),
	(215, 'Catac', 24),
	(216, 'Cotaparaco', 24),
	(217, 'Huayllapampa', 24),
	(218, 'Llacllin', 24),
	(219, 'Marca', 24),
	(220, 'Pampas Chico', 24),
	(221, 'Pararin', 24),
	(222, 'Tapacocha', 24),
	(223, 'Ticapampa', 24),
	(224, 'Chimbote', 25),
	(225, 'Cáceres del Perú', 25),
	(226, 'Coishco', 25),
	(227, 'Macate', 25),
	(228, 'Moro', 25),
	(229, 'Nepeña', 25),
	(230, 'Samanco', 25),
	(231, 'Santa', 25),
	(232, 'Nuevo Chimbote', 25),
	(233, 'Sihuas', 26),
	(234, 'Acobamba', 26),
	(235, 'Alfonso Ugarte', 26),
	(236, 'Cashapampa', 26),
	(237, 'Chingalpo', 26),
	(238, 'Huayllabamba', 26),
	(239, 'Quiches', 26),
	(240, 'Ragash', 26),
	(241, 'San Juan', 26),
	(242, 'Sicsibamba', 26),
	(243, 'Yungay', 27),
	(244, 'Cascapara', 27),
	(245, 'Mancos', 27),
	(246, 'Matacoto', 27),
	(247, 'Quillo', 27),
	(248, 'Ranrahirca', 27),
	(249, 'Shupluy', 27),
	(250, 'Yanama', 27),
	(251, 'Abancay', 28),
	(252, 'Chacoche', 28),
	(253, 'Circa', 28),
	(254, 'Curahuasi', 28),
	(255, 'Huanipaca', 28),
	(256, 'Lambrama', 28),
	(257, 'Pichirhua', 28),
	(258, 'San Pedro de Cachora', 28),
	(259, 'Tamburco', 28),
	(260, 'Andahuaylas', 29),
	(261, 'Andarapa', 29),
	(262, 'Chiara', 29),
	(263, 'Huancarama', 29),
	(264, 'Huancaray', 29),
	(265, 'Huayana', 29),
	(266, 'Kishuara', 29),
	(267, 'Pacobamba', 29),
	(268, 'Pacucha', 29),
	(269, 'Pampachiri', 29),
	(270, 'Pomacocha', 29),
	(271, 'San Antonio de Cachi', 29),
	(272, 'San Jerónimo', 29),
	(273, 'San Miguel de Chaccrampa', 29),
	(274, 'Santa María de Chicmo', 29),
	(275, 'Talavera', 29),
	(276, 'Tumay Huaraca', 29),
	(277, 'Turpo', 29),
	(278, 'Kaquiabamba', 29),
	(279, 'José María Arguedas', 29),
	(280, 'Antabamba', 30),
	(281, 'El Oro', 30),
	(282, 'Huaquirca', 30),
	(283, 'Juan Espinoza Medrano', 30),
	(284, 'Oropesa', 30),
	(285, 'Pachaconas', 30),
	(286, 'Sabaino', 30),
	(287, 'Chalhuanca', 31),
	(288, 'Capaya', 31),
	(289, 'Caraybamba', 31),
	(290, 'Chapimarca', 31),
	(291, 'Colcabamba', 31),
	(292, 'Cotaruse', 31),
	(293, 'Ihuayllo', 31),
	(294, 'Justo Apu Sahuaraura', 31),
	(295, 'Lucre', 31),
	(296, 'Pocohuanca', 31),
	(297, 'San Juan de Chacña', 31),
	(298, 'Sañayca', 31),
	(299, 'Soraya', 31),
	(300, 'Tapairihua', 31),
	(301, 'Tintay', 31),
	(302, 'Toraya', 31),
	(303, 'Yanaca', 31),
	(304, 'Tambobamba', 32),
	(305, 'Cotabambas', 32),
	(306, 'Coyllurqui', 32),
	(307, 'Haquira', 32),
	(308, 'Mara', 32),
	(309, 'Challhuahuacho', 32),
	(310, 'Chincheros', 33),
	(311, 'Anco_Huallo', 33),
	(312, 'Cocharcas', 33),
	(313, 'Huaccana', 33),
	(314, 'Ocobamba', 33),
	(315, 'Ongoy', 33),
	(316, 'Uranmarca', 33),
	(317, 'Ranracancha', 33),
	(318, 'Rocchacc', 33),
	(319, 'El Porvenir', 33),
	(320, 'Chuquibambilla', 34),
	(321, 'Curpahuasi', 34),
	(322, 'Gamarra', 34),
	(323, 'Huayllati', 34),
	(324, 'Mamara', 34),
	(325, 'Micaela Bastidas', 34),
	(326, 'Pataypampa', 34),
	(327, 'Progreso', 34),
	(328, 'San Antonio', 34),
	(329, 'Santa Rosa', 34),
	(330, 'Turpay', 34),
	(331, 'Vilcabamba', 34),
	(332, 'Virundo', 34),
	(333, 'Curasco', 34),
	(334, 'Arequipa', 35),
	(335, 'Alto Selva Alegre', 35),
	(336, 'Cayma', 35),
	(337, 'Cerro Colorado', 35),
	(338, 'Characato', 35),
	(339, 'Chiguata', 35),
	(340, 'Jacobo Hunter', 35),
	(341, 'La Joya', 35),
	(342, 'Mariano Melgar', 35),
	(343, 'Miraflores', 35),
	(344, 'Mollebaya', 35),
	(345, 'Paucarpata', 35),
	(346, 'Pocsi', 35),
	(347, 'Polobaya', 35),
	(348, 'Quequeña', 35),
	(349, 'Sabandia', 35),
	(350, 'Sachaca', 35),
	(351, 'San Juan de Siguas', 35),
	(352, 'San Juan de Tarucani', 35),
	(353, 'Santa Isabel de Siguas', 35),
	(354, 'Santa Rita de Siguas', 35),
	(355, 'Socabaya', 35),
	(356, 'Tiabaya', 35),
	(357, 'Uchumayo', 35),
	(358, 'Vitor', 35),
	(359, 'Yanahuara', 35),
	(360, 'Yarabamba', 35),
	(361, 'Yura', 35),
	(362, 'José Luis Bustamante Y Rivero', 35),
	(363, 'Camaná', 36),
	(364, 'José María Quimper', 36),
	(365, 'Mariano Nicolás Valcárcel', 36),
	(366, 'Mariscal Cáceres', 36),
	(367, 'Nicolás de Pierola', 36),
	(368, 'Ocoña', 36),
	(369, 'Quilca', 36),
	(370, 'Samuel Pastor', 36),
	(371, 'Caravelí', 37),
	(372, 'Acarí', 37),
	(373, 'Atico', 37),
	(374, 'Atiquipa', 37),
	(375, 'Bella Unión', 37),
	(376, 'Cahuacho', 37),
	(377, 'Chala', 37),
	(378, 'Chaparra', 37),
	(379, 'Huanuhuanu', 37),
	(380, 'Jaqui', 37),
	(381, 'Lomas', 37),
	(382, 'Quicacha', 37),
	(383, 'Yauca', 37),
	(384, 'Aplao', 38),
	(385, 'Andagua', 38),
	(386, 'Ayo', 38),
	(387, 'Chachas', 38),
	(388, 'Chilcaymarca', 38),
	(389, 'Choco', 38),
	(390, 'Huancarqui', 38),
	(391, 'Machaguay', 38),
	(392, 'Orcopampa', 38),
	(393, 'Pampacolca', 38),
	(394, 'Tipan', 38),
	(395, 'Uñon', 38),
	(396, 'Uraca', 38),
	(397, 'Viraco', 38),
	(398, 'Chivay', 39),
	(399, 'Achoma', 39),
	(400, 'Cabanaconde', 39),
	(401, 'Callalli', 39),
	(402, 'Caylloma', 39),
	(403, 'Coporaque', 39),
	(404, 'Huambo', 39),
	(405, 'Huanca', 39),
	(406, 'Ichupampa', 39),
	(407, 'Lari', 39),
	(408, 'Lluta', 39),
	(409, 'Maca', 39),
	(410, 'Madrigal', 39),
	(411, 'San Antonio de Chuca', 39),
	(412, 'Sibayo', 39),
	(413, 'Tapay', 39),
	(414, 'Tisco', 39),
	(415, 'Tuti', 39),
	(416, 'Yanque', 39),
	(417, 'Majes', 39),
	(418, 'Chuquibamba', 40),
	(419, 'Andaray', 40),
	(420, 'Cayarani', 40),
	(421, 'Chichas', 40),
	(422, 'Iray', 40),
	(423, 'Río Grande', 40),
	(424, 'Salamanca', 40),
	(425, 'Yanaquihua', 40),
	(426, 'Mollendo', 41),
	(427, 'Cocachacra', 41),
	(428, 'Dean Valdivia', 41),
	(429, 'Islay', 41),
	(430, 'Mejia', 41),
	(431, 'Punta de Bombón', 41),
	(432, 'Cotahuasi', 42),
	(433, 'Alca', 42),
	(434, 'Charcana', 42),
	(435, 'Huaynacotas', 42),
	(436, 'Pampamarca', 42),
	(437, 'Puyca', 42),
	(438, 'Quechualla', 42),
	(439, 'Sayla', 42),
	(440, 'Tauria', 42),
	(441, 'Tomepampa', 42),
	(442, 'Toro', 42),
	(443, 'Ayacucho', 43),
	(444, 'Acocro', 43),
	(445, 'Acos Vinchos', 43),
	(446, 'Carmen Alto', 43),
	(447, 'Chiara', 43),
	(448, 'Ocros', 43),
	(449, 'Pacaycasa', 43),
	(450, 'Quinua', 43),
	(451, 'San José de Ticllas', 43),
	(452, 'San Juan Bautista', 43),
	(453, 'Santiago de Pischa', 43),
	(454, 'Socos', 43),
	(455, 'Tambillo', 43),
	(456, 'Vinchos', 43),
	(457, 'Jesús Nazareno', 43),
	(458, 'Andrés Avelino Cáceres Dorregaray', 43),
	(459, 'Cangallo', 44),
	(460, 'Chuschi', 44),
	(461, 'Los Morochucos', 44),
	(462, 'María Parado de Bellido', 44),
	(463, 'Paras', 44),
	(464, 'Totos', 44),
	(465, 'Sancos', 45),
	(466, 'Carapo', 45),
	(467, 'Sacsamarca', 45),
	(468, 'Santiago de Lucanamarca', 45),
	(469, 'Huanta', 46),
	(470, 'Ayahuanco', 46),
	(471, 'Huamanguilla', 46),
	(472, 'Iguain', 46),
	(473, 'Luricocha', 46),
	(474, 'Santillana', 46),
	(475, 'Sivia', 46),
	(476, 'Llochegua', 46),
	(477, 'Canayre', 46),
	(478, 'Uchuraccay', 46),
	(479, 'Pucacolpa', 46),
	(480, 'Chaca', 46),
	(481, 'San Miguel', 47),
	(482, 'Anco', 47),
	(483, 'Ayna', 47),
	(484, 'Chilcas', 47),
	(485, 'Chungui', 47),
	(486, 'Luis Carranza', 47),
	(487, 'Santa Rosa', 47),
	(488, 'Tambo', 47),
	(489, 'Samugari', 47),
	(490, 'Anchihuay', 47),
	(491, 'Puquio', 48),
	(492, 'Aucara', 48),
	(493, 'Cabana', 48),
	(494, 'Carmen Salcedo', 48),
	(495, 'Chaviña', 48),
	(496, 'Chipao', 48),
	(497, 'Huac-Huas', 48),
	(498, 'Laramate', 48),
	(499, 'Leoncio Prado', 48),
	(500, 'Llauta', 48),
	(501, 'Lucanas', 48),
	(502, 'Ocaña', 48),
	(503, 'Otoca', 48),
	(504, 'Saisa', 48),
	(505, 'San Cristóbal', 48),
	(506, 'San Juan', 48),
	(507, 'San Pedro', 48),
	(508, 'San Pedro de Palco', 48),
	(509, 'Sancos', 48),
	(510, 'Santa Ana de Huaycahuacho', 48),
	(511, 'Santa Lucia', 48),
	(512, 'Coracora', 49),
	(513, 'Chumpi', 49),
	(514, 'Coronel Castañeda', 49),
	(515, 'Pacapausa', 49),
	(516, 'Pullo', 49),
	(517, 'Puyusca', 49),
	(518, 'San Francisco de Ravacayco', 49),
	(519, 'Upahuacho', 49),
	(520, 'Pausa', 50),
	(521, 'Colta', 50),
	(522, 'Corculla', 50),
	(523, 'Lampa', 50),
	(524, 'Marcabamba', 50),
	(525, 'Oyolo', 50),
	(526, 'Pararca', 50),
	(527, 'San Javier de Alpabamba', 50),
	(528, 'San José de Ushua', 50),
	(529, 'Sara Sara', 50),
	(530, 'Querobamba', 51),
	(531, 'Belén', 51),
	(532, 'Chalcos', 51),
	(533, 'Chilcayoc', 51),
	(534, 'Huacaña', 51),
	(535, 'Morcolla', 51),
	(536, 'Paico', 51),
	(537, 'San Pedro de Larcay', 51),
	(538, 'San Salvador de Quije', 51),
	(539, 'Santiago de Paucaray', 51),
	(540, 'Soras', 51),
	(541, 'Huancapi', 52),
	(542, 'Alcamenca', 52),
	(543, 'Apongo', 52),
	(544, 'Asquipata', 52),
	(545, 'Canaria', 52),
	(546, 'Cayara', 52),
	(547, 'Colca', 52),
	(548, 'Huamanquiquia', 52),
	(549, 'Huancaraylla', 52),
	(550, 'Huaya', 52),
	(551, 'Sarhua', 52),
	(552, 'Vilcanchos', 52),
	(553, 'Vilcas Huaman', 53),
	(554, 'Accomarca', 53),
	(555, 'Carhuanca', 53),
	(556, 'Concepción', 53),
	(557, 'Huambalpa', 53),
	(558, 'Independencia', 53),
	(559, 'Saurama', 53),
	(560, 'Vischongo', 53),
	(561, 'Cajamarca', 54),
	(562, 'Asunción', 54),
	(563, 'Chetilla', 54),
	(564, 'Cospan', 54),
	(565, 'Encañada', 54),
	(566, 'Jesús', 54),
	(567, 'Llacanora', 54),
	(568, 'Los Baños del Inca', 54),
	(569, 'Magdalena', 54),
	(570, 'Matara', 54),
	(571, 'Namora', 54),
	(572, 'San Juan', 54),
	(573, 'Cajabamba', 55),
	(574, 'Cachachi', 55),
	(575, 'Condebamba', 55),
	(576, 'Sitacocha', 55),
	(577, 'Celendín', 56),
	(578, 'Chumuch', 56),
	(579, 'Cortegana', 56),
	(580, 'Huasmin', 56),
	(581, 'Jorge Chávez', 56),
	(582, 'José Gálvez', 56),
	(583, 'Miguel Iglesias', 56),
	(584, 'Oxamarca', 56),
	(585, 'Sorochuco', 56),
	(586, 'Sucre', 56),
	(587, 'Utco', 56),
	(588, 'La Libertad de Pallan', 56),
	(589, 'Chota', 57),
	(590, 'Anguia', 57),
	(591, 'Chadin', 57),
	(592, 'Chiguirip', 57),
	(593, 'Chimban', 57),
	(594, 'Choropampa', 57),
	(595, 'Cochabamba', 57),
	(596, 'Conchan', 57),
	(597, 'Huambos', 57),
	(598, 'Lajas', 57),
	(599, 'Llama', 57),
	(600, 'Miracosta', 57),
	(601, 'Paccha', 57),
	(602, 'Pion', 57),
	(603, 'Querocoto', 57),
	(604, 'San Juan de Licupis', 57),
	(605, 'Tacabamba', 57),
	(606, 'Tocmoche', 57),
	(607, 'Chalamarca', 57),
	(608, 'Contumaza', 58),
	(609, 'Chilete', 58),
	(610, 'Cupisnique', 58),
	(611, 'Guzmango', 58),
	(612, 'San Benito', 58),
	(613, 'Santa Cruz de Toledo', 58),
	(614, 'Tantarica', 58),
	(615, 'Yonan', 58),
	(616, 'Cutervo', 59),
	(617, 'Callayuc', 59),
	(618, 'Choros', 59),
	(619, 'Cujillo', 59),
	(620, 'La Ramada', 59),
	(621, 'Pimpingos', 59),
	(622, 'Querocotillo', 59),
	(623, 'San Andrés de Cutervo', 59),
	(624, 'San Juan de Cutervo', 59),
	(625, 'San Luis de Lucma', 59),
	(626, 'Santa Cruz', 59),
	(627, 'Santo Domingo de la Capilla', 59),
	(628, 'Santo Tomas', 59),
	(629, 'Socota', 59),
	(630, 'Toribio Casanova', 59),
	(631, 'Bambamarca', 60),
	(632, 'Chugur', 60),
	(633, 'Hualgayoc', 60),
	(634, 'Jaén', 61),
	(635, 'Bellavista', 61),
	(636, 'Chontali', 61),
	(637, 'Colasay', 61),
	(638, 'Huabal', 61),
	(639, 'Las Pirias', 61),
	(640, 'Pomahuaca', 61),
	(641, 'Pucara', 61),
	(642, 'Sallique', 61),
	(643, 'San Felipe', 61),
	(644, 'San José del Alto', 61),
	(645, 'Santa Rosa', 61),
	(646, 'San Ignacio', 62),
	(647, 'Chirinos', 62),
	(648, 'Huarango', 62),
	(649, 'La Coipa', 62),
	(650, 'Namballe', 62),
	(651, 'San José de Lourdes', 62),
	(652, 'Tabaconas', 62),
	(653, 'Pedro Gálvez', 63),
	(654, 'Chancay', 63),
	(655, 'Eduardo Villanueva', 63),
	(656, 'Gregorio Pita', 63),
	(657, 'Ichocan', 63),
	(658, 'José Manuel Quiroz', 63),
	(659, 'José Sabogal', 63),
	(660, 'San Miguel', 64),
	(661, 'Bolívar', 64),
	(662, 'Calquis', 64),
	(663, 'Catilluc', 64),
	(664, 'El Prado', 64),
	(665, 'La Florida', 64),
	(666, 'Llapa', 64),
	(667, 'Nanchoc', 64),
	(668, 'Niepos', 64),
	(669, 'San Gregorio', 64),
	(670, 'San Silvestre de Cochan', 64),
	(671, 'Tongod', 64),
	(672, 'Unión Agua Blanca', 64),
	(673, 'San Pablo', 65),
	(674, 'San Bernardino', 65),
	(675, 'San Luis', 65),
	(676, 'Tumbaden', 65),
	(677, 'Santa Cruz', 66),
	(678, 'Andabamba', 66),
	(679, 'Catache', 66),
	(680, 'Chancaybaños', 66),
	(681, 'La Esperanza', 66),
	(682, 'Ninabamba', 66),
	(683, 'Pulan', 66),
	(684, 'Saucepampa', 66),
	(685, 'Sexi', 66),
	(686, 'Uticyacu', 66),
	(687, 'Yauyucan', 66),
	(688, 'Callao', 67),
	(689, 'Bellavista', 67),
	(690, 'Carmen de la Legua Reynoso', 67),
	(691, 'La Perla', 67),
	(692, 'La Punta', 67),
	(693, 'Ventanilla', 67),
	(694, 'Mi Perú', 67),
	(695, 'Cusco', 68),
	(696, 'Ccorca', 68),
	(697, 'Poroy', 68),
	(698, 'San Jerónimo', 68),
	(699, 'San Sebastian', 68),
	(700, 'Santiago', 68),
	(701, 'Saylla', 68),
	(702, 'Wanchaq', 68),
	(703, 'Acomayo', 69),
	(704, 'Acopia', 69),
	(705, 'Acos', 69),
	(706, 'Mosoc Llacta', 69),
	(707, 'Pomacanchi', 69),
	(708, 'Rondocan', 69),
	(709, 'Sangarara', 69),
	(710, 'Anta', 70),
	(711, 'Ancahuasi', 70),
	(712, 'Cachimayo', 70),
	(713, 'Chinchaypujio', 70),
	(714, 'Huarocondo', 70),
	(715, 'Limatambo', 70),
	(716, 'Mollepata', 70),
	(717, 'Pucyura', 70),
	(718, 'Zurite', 70),
	(719, 'Calca', 71),
	(720, 'Coya', 71),
	(721, 'Lamay', 71),
	(722, 'Lares', 71),
	(723, 'Pisac', 71),
	(724, 'San Salvador', 71),
	(725, 'Taray', 71),
	(726, 'Yanatile', 71),
	(727, 'Yanaoca', 72),
	(728, 'Checca', 72),
	(729, 'Kunturkanki', 72),
	(730, 'Langui', 72),
	(731, 'Layo', 72),
	(732, 'Pampamarca', 72),
	(733, 'Quehue', 72),
	(734, 'Tupac Amaru', 72),
	(735, 'Sicuani', 73),
	(736, 'Checacupe', 73),
	(737, 'Combapata', 73),
	(738, 'Marangani', 73),
	(739, 'Pitumarca', 73),
	(740, 'San Pablo', 73),
	(741, 'San Pedro', 73),
	(742, 'Tinta', 73),
	(743, 'Santo Tomas', 74),
	(744, 'Capacmarca', 74),
	(745, 'Chamaca', 74),
	(746, 'Colquemarca', 74),
	(747, 'Livitaca', 74),
	(748, 'Llusco', 74),
	(749, 'Quiñota', 74),
	(750, 'Velille', 74),
	(751, 'Espinar', 75),
	(752, 'Condoroma', 75),
	(753, 'Coporaque', 75),
	(754, 'Ocoruro', 75),
	(755, 'Pallpata', 75),
	(756, 'Pichigua', 75),
	(757, 'Suyckutambo', 75),
	(758, 'Alto Pichigua', 75),
	(759, 'Santa Ana', 76),
	(760, 'Echarate', 76),
	(761, 'Huayopata', 76),
	(762, 'Maranura', 76),
	(763, 'Ocobamba', 76),
	(764, 'Quellouno', 76),
	(765, 'Kimbiri', 76),
	(766, 'Santa Teresa', 76),
	(767, 'Vilcabamba', 76),
	(768, 'Pichari', 76),
	(769, 'Inkawasi', 76),
	(770, 'Villa Virgen', 76),
	(771, 'Villa Kintiarina', 76),
	(772, 'Paruro', 77),
	(773, 'Accha', 77),
	(774, 'Ccapi', 77),
	(775, 'Colcha', 77),
	(776, 'Huanoquite', 77),
	(777, 'Omacha', 77),
	(778, 'Paccaritambo', 77),
	(779, 'Pillpinto', 77),
	(780, 'Yaurisque', 77),
	(781, 'Paucartambo', 78),
	(782, 'Caicay', 78),
	(783, 'Challabamba', 78),
	(784, 'Colquepata', 78),
	(785, 'Huancarani', 78),
	(786, 'Kosñipata', 78),
	(787, 'Urcos', 79),
	(788, 'Andahuaylillas', 79),
	(789, 'Camanti', 79),
	(790, 'Ccarhuayo', 79),
	(791, 'Ccatca', 79),
	(792, 'Cusipata', 79),
	(793, 'Huaro', 79),
	(794, 'Lucre', 79),
	(795, 'Marcapata', 79),
	(796, 'Ocongate', 79),
	(797, 'Oropesa', 79),
	(798, 'Quiquijana', 79),
	(799, 'Urubamba', 80),
	(800, 'Chinchero', 80),
	(801, 'Huayllabamba', 80),
	(802, 'Machupicchu', 80),
	(803, 'Maras', 80),
	(804, 'Ollantaytambo', 80),
	(805, 'Yucay', 80),
	(806, 'Huancavelica', 81),
	(807, 'Acobambilla', 81),
	(808, 'Acoria', 81),
	(809, 'Conayca', 81),
	(810, 'Cuenca', 81),
	(811, 'Huachocolpa', 81),
	(812, 'Huayllahuara', 81),
	(813, 'Izcuchaca', 81),
	(814, 'Laria', 81),
	(815, 'Manta', 81),
	(816, 'Mariscal Cáceres', 81),
	(817, 'Moya', 81),
	(818, 'Nuevo Occoro', 81),
	(819, 'Palca', 81),
	(820, 'Pilchaca', 81),
	(821, 'Vilca', 81),
	(822, 'Yauli', 81),
	(823, 'Ascensión', 81),
	(824, 'Huando', 81),
	(825, 'Acobamba', 82),
	(826, 'Andabamba', 82),
	(827, 'Anta', 82),
	(828, 'Caja', 82),
	(829, 'Marcas', 82),
	(830, 'Paucara', 82),
	(831, 'Pomacocha', 82),
	(832, 'Rosario', 82),
	(833, 'Lircay', 83),
	(834, 'Anchonga', 83),
	(835, 'Callanmarca', 83),
	(836, 'Ccochaccasa', 83),
	(837, 'Chincho', 83),
	(838, 'Congalla', 83),
	(839, 'Huanca-Huanca', 83),
	(840, 'Huayllay Grande', 83),
	(841, 'Julcamarca', 83),
	(842, 'San Antonio de Antaparco', 83),
	(843, 'Santo Tomas de Pata', 83),
	(844, 'Secclla', 83),
	(845, 'Castrovirreyna', 84),
	(846, 'Arma', 84),
	(847, 'Aurahua', 84),
	(848, 'Capillas', 84),
	(849, 'Chupamarca', 84),
	(850, 'Cocas', 84),
	(851, 'Huachos', 84),
	(852, 'Huamatambo', 84),
	(853, 'Mollepampa', 84),
	(854, 'San Juan', 84),
	(855, 'Santa Ana', 84),
	(856, 'Tantara', 84),
	(857, 'Ticrapo', 84),
	(858, 'Churcampa', 85),
	(859, 'Anco', 85),
	(860, 'Chinchihuasi', 85),
	(861, 'El Carmen', 85),
	(862, 'La Merced', 85),
	(863, 'Locroja', 85),
	(864, 'Paucarbamba', 85),
	(865, 'San Miguel de Mayocc', 85),
	(866, 'San Pedro de Coris', 85),
	(867, 'Pachamarca', 85),
	(868, 'Cosme', 85),
	(869, 'Huaytara', 86),
	(870, 'Ayavi', 86),
	(871, 'Córdova', 86),
	(872, 'Huayacundo Arma', 86),
	(873, 'Laramarca', 86),
	(874, 'Ocoyo', 86),
	(875, 'Pilpichaca', 86),
	(876, 'Querco', 86),
	(877, 'Quito-Arma', 86),
	(878, 'San Antonio de Cusicancha', 86),
	(879, 'San Francisco de Sangayaico', 86),
	(880, 'San Isidro', 86),
	(881, 'Santiago de Chocorvos', 86),
	(882, 'Santiago de Quirahuara', 86),
	(883, 'Santo Domingo de Capillas', 86),
	(884, 'Tambo', 86),
	(885, 'Pampas', 87),
	(886, 'Acostambo', 87),
	(887, 'Acraquia', 87),
	(888, 'Ahuaycha', 87),
	(889, 'Colcabamba', 87),
	(890, 'Daniel Hernández', 87),
	(891, 'Huachocolpa', 87),
	(892, 'Huaribamba', 87),
	(893, 'Ñahuimpuquio', 87),
	(894, 'Pazos', 87),
	(895, 'Quishuar', 87),
	(896, 'Salcabamba', 87),
	(897, 'Salcahuasi', 87),
	(898, 'San Marcos de Rocchac', 87),
	(899, 'Surcubamba', 87),
	(900, 'Tintay Puncu', 87),
	(901, 'Quichuas', 87),
	(902, 'Andaymarca', 87),
	(903, 'Roble', 87),
	(904, 'Pichos', 87),
	(905, 'Huanuco', 88),
	(906, 'Amarilis', 88),
	(907, 'Chinchao', 88),
	(908, 'Churubamba', 88),
	(909, 'Margos', 88),
	(910, 'Quisqui (Kichki)', 88),
	(911, 'San Francisco de Cayran', 88),
	(912, 'San Pedro de Chaulan', 88),
	(913, 'Santa María del Valle', 88),
	(914, 'Yarumayo', 88),
	(915, 'Pillco Marca', 88),
	(916, 'Yacus', 88),
	(917, 'San Pablo de Pillao', 88),
	(918, 'Ambo', 89),
	(919, 'Cayna', 89),
	(920, 'Colpas', 89),
	(921, 'Conchamarca', 89),
	(922, 'Huacar', 89),
	(923, 'San Francisco', 89),
	(924, 'San Rafael', 89),
	(925, 'Tomay Kichwa', 89),
	(926, 'La Unión', 90),
	(927, 'Chuquis', 90),
	(928, 'Marías', 90),
	(929, 'Pachas', 90),
	(930, 'Quivilla', 90),
	(931, 'Ripan', 90),
	(932, 'Shunqui', 90),
	(933, 'Sillapata', 90),
	(934, 'Yanas', 90),
	(935, 'Huacaybamba', 91),
	(936, 'Canchabamba', 91),
	(937, 'Cochabamba', 91),
	(938, 'Pinra', 91),
	(939, 'Llata', 92),
	(940, 'Arancay', 92),
	(941, 'Chavín de Pariarca', 92),
	(942, 'Jacas Grande', 92),
	(943, 'Jircan', 92),
	(944, 'Miraflores', 92),
	(945, 'Monzón', 92),
	(946, 'Punchao', 92),
	(947, 'Puños', 92),
	(948, 'Singa', 92),
	(949, 'Tantamayo', 92),
	(950, 'Rupa-Rupa', 93),
	(951, 'Daniel Alomía Robles', 93),
	(952, 'Hermílio Valdizan', 93),
	(953, 'José Crespo y Castillo', 93),
	(954, 'Luyando', 93),
	(955, 'Mariano Damaso Beraun', 93),
	(956, 'Pucayacu', 93),
	(957, 'Castillo Grande', 93),
	(958, 'Huacrachuco', 94),
	(959, 'Cholon', 94),
	(960, 'San Buenaventura', 94),
	(961, 'La Morada', 94),
	(962, 'Santa Rosa de Alto Yanajanca', 94),
	(963, 'Panao', 95),
	(964, 'Chaglla', 95),
	(965, 'Molino', 95),
	(966, 'Umari', 95),
	(967, 'Puerto Inca', 96),
	(968, 'Codo del Pozuzo', 96),
	(969, 'Honoria', 96),
	(970, 'Tournavista', 96),
	(971, 'Yuyapichis', 96),
	(972, 'Jesús', 97),
	(973, 'Baños', 97),
	(974, 'Jivia', 97),
	(975, 'Queropalca', 97),
	(976, 'Rondos', 97),
	(977, 'San Francisco de Asís', 97),
	(978, 'San Miguel de Cauri', 97),
	(979, 'Chavinillo', 98),
	(980, 'Cahuac', 98),
	(981, 'Chacabamba', 98),
	(982, 'Aparicio Pomares', 98),
	(983, 'Jacas Chico', 98),
	(984, 'Obas', 98),
	(985, 'Pampamarca', 98),
	(986, 'Choras', 98),
	(987, 'Ica', 99),
	(988, 'La Tinguiña', 99),
	(989, 'Los Aquijes', 99),
	(990, 'Ocucaje', 99),
	(991, 'Pachacutec', 99),
	(992, 'Parcona', 99),
	(993, 'Pueblo Nuevo', 99),
	(994, 'Salas', 99),
	(995, 'San José de Los Molinos', 99),
	(996, 'San Juan Bautista', 99),
	(997, 'Santiago', 99),
	(998, 'Subtanjalla', 99),
	(999, 'Tate', 99),
	(1000, 'Yauca del Rosario', 99),
	(1001, 'Chincha Alta', 100),
	(1002, 'Alto Laran', 100),
	(1003, 'Chavin', 100),
	(1004, 'Chincha Baja', 100),
	(1005, 'El Carmen', 100),
	(1006, 'Grocio Prado', 100),
	(1007, 'Pueblo Nuevo', 100),
	(1008, 'San Juan de Yanac', 100),
	(1009, 'San Pedro de Huacarpana', 100),
	(1010, 'Sunampe', 100),
	(1011, 'Tambo de Mora', 100),
	(1012, 'Nasca', 101),
	(1013, 'Changuillo', 101),
	(1014, 'El Ingenio', 101),
	(1015, 'Marcona', 101),
	(1016, 'Vista Alegre', 101),
	(1017, 'Palpa', 102),
	(1018, 'Llipata', 102),
	(1019, 'Río Grande', 102),
	(1020, 'Santa Cruz', 102),
	(1021, 'Tibillo', 102),
	(1022, 'Pisco', 103),
	(1023, 'Huancano', 103),
	(1024, 'Humay', 103),
	(1025, 'Independencia', 103),
	(1026, 'Paracas', 103),
	(1027, 'San Andrés', 103),
	(1028, 'San Clemente', 103),
	(1029, 'Tupac Amaru Inca', 103),
	(1030, 'Huancayo', 104),
	(1031, 'Carhuacallanga', 104),
	(1032, 'Chacapampa', 104),
	(1033, 'Chicche', 104),
	(1034, 'Chilca', 104),
	(1035, 'Chongos Alto', 104),
	(1036, 'Chupuro', 104),
	(1037, 'Colca', 104),
	(1038, 'Cullhuas', 104),
	(1039, 'El Tambo', 104),
	(1040, 'Huacrapuquio', 104),
	(1041, 'Hualhuas', 104),
	(1042, 'Huancan', 104),
	(1043, 'Huasicancha', 104),
	(1044, 'Huayucachi', 104),
	(1045, 'Ingenio', 104),
	(1046, 'Pariahuanca', 104),
	(1047, 'Pilcomayo', 104),
	(1048, 'Pucara', 104),
	(1049, 'Quichuay', 104),
	(1050, 'Quilcas', 104),
	(1051, 'San Agustín', 104),
	(1052, 'San Jerónimo de Tunan', 104),
	(1053, 'Saño', 104),
	(1054, 'Sapallanga', 104),
	(1055, 'Sicaya', 104),
	(1056, 'Santo Domingo de Acobamba', 104),
	(1057, 'Viques', 104),
	(1058, 'Concepción', 105),
	(1059, 'Aco', 105),
	(1060, 'Andamarca', 105),
	(1061, 'Chambara', 105),
	(1062, 'Cochas', 105),
	(1063, 'Comas', 105),
	(1064, 'Heroínas Toledo', 105),
	(1065, 'Manzanares', 105),
	(1066, 'Mariscal Castilla', 105),
	(1067, 'Matahuasi', 105),
	(1068, 'Mito', 105),
	(1069, 'Nueve de Julio', 105),
	(1070, 'Orcotuna', 105),
	(1071, 'San José de Quero', 105),
	(1072, 'Santa Rosa de Ocopa', 105),
	(1073, 'Chanchamayo', 106),
	(1074, 'Perene', 106),
	(1075, 'Pichanaqui', 106),
	(1076, 'San Luis de Shuaro', 106),
	(1077, 'San Ramón', 106),
	(1078, 'Vitoc', 106),
	(1079, 'Jauja', 107),
	(1080, 'Acolla', 107),
	(1081, 'Apata', 107),
	(1082, 'Ataura', 107),
	(1083, 'Canchayllo', 107),
	(1084, 'Curicaca', 107),
	(1085, 'El Mantaro', 107),
	(1086, 'Huamali', 107),
	(1087, 'Huaripampa', 107),
	(1088, 'Huertas', 107),
	(1089, 'Janjaillo', 107),
	(1090, 'Julcán', 107),
	(1091, 'Leonor Ordóñez', 107),
	(1092, 'Llocllapampa', 107),
	(1093, 'Marco', 107),
	(1094, 'Masma', 107),
	(1095, 'Masma Chicche', 107),
	(1096, 'Molinos', 107),
	(1097, 'Monobamba', 107),
	(1098, 'Muqui', 107),
	(1099, 'Muquiyauyo', 107),
	(1100, 'Paca', 107),
	(1101, 'Paccha', 107),
	(1102, 'Pancan', 107),
	(1103, 'Parco', 107),
	(1104, 'Pomacancha', 107),
	(1105, 'Ricran', 107),
	(1106, 'San Lorenzo', 107),
	(1107, 'San Pedro de Chunan', 107),
	(1108, 'Sausa', 107),
	(1109, 'Sincos', 107),
	(1110, 'Tunan Marca', 107),
	(1111, 'Yauli', 107),
	(1112, 'Yauyos', 107),
	(1113, 'Junin', 108),
	(1114, 'Carhuamayo', 108),
	(1115, 'Ondores', 108),
	(1116, 'Ulcumayo', 108),
	(1117, 'Satipo', 109),
	(1118, 'Coviriali', 109),
	(1119, 'Llaylla', 109),
	(1120, 'Mazamari', 109),
	(1121, 'Pampa Hermosa', 109),
	(1122, 'Pangoa', 109),
	(1123, 'Río Negro', 109),
	(1124, 'Río Tambo', 109),
	(1125, 'Vizcatan del Ene', 109),
	(1126, 'Tarma', 110),
	(1127, 'Acobamba', 110),
	(1128, 'Huaricolca', 110),
	(1129, 'Huasahuasi', 110),
	(1130, 'La Unión', 110),
	(1131, 'Palca', 110),
	(1132, 'Palcamayo', 110),
	(1133, 'San Pedro de Cajas', 110),
	(1134, 'Tapo', 110),
	(1135, 'La Oroya', 111),
	(1136, 'Chacapalpa', 111),
	(1137, 'Huay-Huay', 111),
	(1138, 'Marcapomacocha', 111),
	(1139, 'Morococha', 111),
	(1140, 'Paccha', 111),
	(1141, 'Santa Bárbara de Carhuacayan', 111),
	(1142, 'Santa Rosa de Sacco', 111),
	(1143, 'Suitucancha', 111),
	(1144, 'Yauli', 111),
	(1145, 'Chupaca', 112),
	(1146, 'Ahuac', 112),
	(1147, 'Chongos Bajo', 112),
	(1148, 'Huachac', 112),
	(1149, 'Huamancaca Chico', 112),
	(1150, 'San Juan de Iscos', 112),
	(1151, 'San Juan de Jarpa', 112),
	(1152, 'Tres de Diciembre', 112),
	(1153, 'Yanacancha', 112),
	(1154, 'Trujillo', 113),
	(1155, 'El Porvenir', 113),
	(1156, 'Florencia de Mora', 113),
	(1157, 'Huanchaco', 113),
	(1158, 'La Esperanza', 113),
	(1159, 'Laredo', 113),
	(1160, 'Moche', 113),
	(1161, 'Poroto', 113),
	(1162, 'Salaverry', 113),
	(1163, 'Simbal', 113),
	(1164, 'Victor Larco Herrera', 113),
	(1165, 'Ascope', 114),
	(1166, 'Chicama', 114),
	(1167, 'Chocope', 114),
	(1168, 'Magdalena de Cao', 114),
	(1169, 'Paijan', 114),
	(1170, 'Rázuri', 114),
	(1171, 'Santiago de Cao', 114),
	(1172, 'Casa Grande', 114),
	(1173, 'Bolívar', 115),
	(1174, 'Bambamarca', 115),
	(1175, 'Condormarca', 115),
	(1176, 'Longotea', 115),
	(1177, 'Uchumarca', 115),
	(1178, 'Ucuncha', 115),
	(1179, 'Chepen', 116),
	(1180, 'Pacanga', 116),
	(1181, 'Pueblo Nuevo', 116),
	(1182, 'Julcan', 117),
	(1183, 'Calamarca', 117),
	(1184, 'Carabamba', 117),
	(1185, 'Huaso', 117),
	(1186, 'Otuzco', 118),
	(1187, 'Agallpampa', 118),
	(1188, 'Charat', 118),
	(1189, 'Huaranchal', 118),
	(1190, 'La Cuesta', 118),
	(1191, 'Mache', 118),
	(1192, 'Paranday', 118),
	(1193, 'Salpo', 118),
	(1194, 'Sinsicap', 118),
	(1195, 'Usquil', 118),
	(1196, 'San Pedro de Lloc', 119),
	(1197, 'Guadalupe', 119),
	(1198, 'Jequetepeque', 119),
	(1199, 'Pacasmayo', 119),
	(1200, 'San José', 119),
	(1201, 'Tayabamba', 120),
	(1202, 'Buldibuyo', 120),
	(1203, 'Chillia', 120),
	(1204, 'Huancaspata', 120),
	(1205, 'Huaylillas', 120),
	(1206, 'Huayo', 120),
	(1207, 'Ongon', 120),
	(1208, 'Parcoy', 120),
	(1209, 'Pataz', 120),
	(1210, 'Pias', 120),
	(1211, 'Santiago de Challas', 120),
	(1212, 'Taurija', 120),
	(1213, 'Urpay', 120),
	(1214, 'Huamachuco', 121),
	(1215, 'Chugay', 121),
	(1216, 'Cochorco', 121),
	(1217, 'Curgos', 121),
	(1218, 'Marcabal', 121),
	(1219, 'Sanagoran', 121),
	(1220, 'Sarin', 121),
	(1221, 'Sartimbamba', 121),
	(1222, 'Santiago de Chuco', 122),
	(1223, 'Angasmarca', 122),
	(1224, 'Cachicadan', 122),
	(1225, 'Mollebamba', 122),
	(1226, 'Mollepata', 122),
	(1227, 'Quiruvilca', 122),
	(1228, 'Santa Cruz de Chuca', 122),
	(1229, 'Sitabamba', 122),
	(1230, 'Cascas', 123),
	(1231, 'Lucma', 123),
	(1232, 'Marmot', 123),
	(1233, 'Sayapullo', 123),
	(1234, 'Viru', 124),
	(1235, 'Chao', 124),
	(1236, 'Guadalupito', 124),
	(1237, 'Chiclayo', 125),
	(1238, 'Chongoyape', 125),
	(1239, 'Eten', 125),
	(1240, 'Eten Puerto', 125),
	(1241, 'José Leonardo Ortiz', 125),
	(1242, 'La Victoria', 125),
	(1243, 'Lagunas', 125),
	(1244, 'Monsefu', 125),
	(1245, 'Nueva Arica', 125),
	(1246, 'Oyotun', 125),
	(1247, 'Picsi', 125),
	(1248, 'Pimentel', 125),
	(1249, 'Reque', 125),
	(1250, 'Santa Rosa', 125),
	(1251, 'Saña', 125),
	(1252, 'Cayalti', 125),
	(1253, 'Patapo', 125),
	(1254, 'Pomalca', 125),
	(1255, 'Pucala', 125),
	(1256, 'Tuman', 125),
	(1257, 'Ferreñafe', 126),
	(1258, 'Cañaris', 126),
	(1259, 'Incahuasi', 126),
	(1260, 'Manuel Antonio Mesones Muro', 126),
	(1261, 'Pitipo', 126),
	(1262, 'Pueblo Nuevo', 126),
	(1263, 'Lambayeque', 127),
	(1264, 'Chochope', 127),
	(1265, 'Illimo', 127),
	(1266, 'Jayanca', 127),
	(1267, 'Mochumi', 127),
	(1268, 'Morrope', 127),
	(1269, 'Motupe', 127),
	(1270, 'Olmos', 127),
	(1271, 'Pacora', 127),
	(1272, 'Salas', 127),
	(1273, 'San José', 127),
	(1274, 'Tucume', 127),
	(1275, 'Lima', 128),
	(1276, 'Ancón', 128),
	(1277, 'Ate', 128),
	(1278, 'Barranco', 128),
	(1279, 'Breña', 128),
	(1280, 'Carabayllo', 128),
	(1281, 'Chaclacayo', 128),
	(1282, 'Chorrillos', 128),
	(1283, 'Cieneguilla', 128),
	(1284, 'Comas', 128),
	(1285, 'El Agustino', 128),
	(1286, 'Independencia', 128),
	(1287, 'Jesús María', 128),
	(1288, 'La Molina', 128),
	(1289, 'La Victoria', 128),
	(1290, 'Lince', 128),
	(1291, 'Los Olivos', 128),
	(1292, 'Lurigancho', 128),
	(1293, 'Lurin', 128),
	(1294, 'Magdalena del Mar', 128),
	(1295, 'Pueblo Libre', 128),
	(1296, 'Miraflores', 128),
	(1297, 'Pachacamac', 128),
	(1298, 'Pucusana', 128),
	(1299, 'Puente Piedra', 128),
	(1300, 'Punta Hermosa', 128),
	(1301, 'Punta Negra', 128),
	(1302, 'Rímac', 128),
	(1303, 'San Bartolo', 128),
	(1304, 'San Borja', 128),
	(1305, 'San Isidro', 128),
	(1306, 'San Juan de Lurigancho', 128),
	(1307, 'San Juan de Miraflores', 128),
	(1308, 'San Luis', 128),
	(1309, 'San Martín de Porres', 128),
	(1310, 'San Miguel', 128),
	(1311, 'Santa Anita', 128),
	(1312, 'Santa María del Mar', 128),
	(1313, 'Santa Rosa', 128),
	(1314, 'Santiago de Surco', 128),
	(1315, 'Surquillo', 128),
	(1316, 'Villa El Salvador', 128),
	(1317, 'Villa María del Triunfo', 128),
	(1318, 'Barranca', 129),
	(1319, 'Paramonga', 129),
	(1320, 'Pativilca', 129),
	(1321, 'Supe', 129),
	(1322, 'Supe Puerto', 129),
	(1323, 'Cajatambo', 130),
	(1324, 'Copa', 130),
	(1325, 'Gorgor', 130),
	(1326, 'Huancapon', 130),
	(1327, 'Manas', 130),
	(1328, 'Canta', 131),
	(1329, 'Arahuay', 131),
	(1330, 'Huamantanga', 131),
	(1331, 'Huaros', 131),
	(1332, 'Lachaqui', 131),
	(1333, 'San Buenaventura', 131),
	(1334, 'Santa Rosa de Quives', 131),
	(1335, 'San Vicente de Cañete', 132),
	(1336, 'Asia', 132),
	(1337, 'Calango', 132),
	(1338, 'Cerro Azul', 132),
	(1339, 'Chilca', 132),
	(1340, 'Coayllo', 132),
	(1341, 'Imperial', 132),
	(1342, 'Lunahuana', 132),
	(1343, 'Mala', 132),
	(1344, 'Nuevo Imperial', 132),
	(1345, 'Pacaran', 132),
	(1346, 'Quilmana', 132),
	(1347, 'San Antonio', 132),
	(1348, 'San Luis', 132),
	(1349, 'Santa Cruz de Flores', 132),
	(1350, 'Zúñiga', 132),
	(1351, 'Huaral', 133),
	(1352, 'Atavillos Alto', 133),
	(1353, 'Atavillos Bajo', 133),
	(1354, 'Aucallama', 133),
	(1355, 'Chancay', 133),
	(1356, 'Ihuari', 133),
	(1357, 'Lampian', 133),
	(1358, 'Pacaraos', 133),
	(1359, 'San Miguel de Acos', 133),
	(1360, 'Santa Cruz de Andamarca', 133),
	(1361, 'Sumbilca', 133),
	(1362, 'Veintisiete de Noviembre', 133),
	(1363, 'Matucana', 134),
	(1364, 'Antioquia', 134),
	(1365, 'Callahuanca', 134),
	(1366, 'Carampoma', 134),
	(1367, 'Chicla', 134),
	(1368, 'Cuenca', 134),
	(1369, 'Huachupampa', 134),
	(1370, 'Huanza', 134),
	(1371, 'Huarochiri', 134),
	(1372, 'Lahuaytambo', 134),
	(1373, 'Langa', 134),
	(1374, 'Laraos', 134),
	(1375, 'Mariatana', 134),
	(1376, 'Ricardo Palma', 134),
	(1377, 'San Andrés de Tupicocha', 134),
	(1378, 'San Antonio', 134),
	(1379, 'San Bartolomé', 134),
	(1380, 'San Damian', 134),
	(1381, 'San Juan de Iris', 134),
	(1382, 'San Juan de Tantaranche', 134),
	(1383, 'San Lorenzo de Quinti', 134),
	(1384, 'San Mateo', 134),
	(1385, 'San Mateo de Otao', 134),
	(1386, 'San Pedro de Casta', 134),
	(1387, 'San Pedro de Huancayre', 134),
	(1388, 'Sangallaya', 134),
	(1389, 'Santa Cruz de Cocachacra', 134),
	(1390, 'Santa Eulalia', 134),
	(1391, 'Santiago de Anchucaya', 134),
	(1392, 'Santiago de Tuna', 134),
	(1393, 'Santo Domingo de Los Olleros', 134),
	(1394, 'Surco', 134),
	(1395, 'Huacho', 135),
	(1396, 'Ambar', 135),
	(1397, 'Caleta de Carquin', 135),
	(1398, 'Checras', 135),
	(1399, 'Hualmay', 135),
	(1400, 'Huaura', 135),
	(1401, 'Leoncio Prado', 135),
	(1402, 'Paccho', 135),
	(1403, 'Santa Leonor', 135),
	(1404, 'Santa María', 135),
	(1405, 'Sayan', 135),
	(1406, 'Vegueta', 135),
	(1407, 'Oyon', 136),
	(1408, 'Andajes', 136),
	(1409, 'Caujul', 136),
	(1410, 'Cochamarca', 136),
	(1411, 'Navan', 136),
	(1412, 'Pachangara', 136),
	(1413, 'Yauyos', 137),
	(1414, 'Alis', 137),
	(1415, 'Allauca', 137),
	(1416, 'Ayaviri', 137),
	(1417, 'Azángaro', 137),
	(1418, 'Cacra', 137),
	(1419, 'Carania', 137),
	(1420, 'Catahuasi', 137),
	(1421, 'Chocos', 137),
	(1422, 'Cochas', 137),
	(1423, 'Colonia', 137),
	(1424, 'Hongos', 137),
	(1425, 'Huampara', 137),
	(1426, 'Huancaya', 137),
	(1427, 'Huangascar', 137),
	(1428, 'Huantan', 137),
	(1429, 'Huañec', 137),
	(1430, 'Laraos', 137),
	(1431, 'Lincha', 137),
	(1432, 'Madean', 137),
	(1433, 'Miraflores', 137),
	(1434, 'Omas', 137),
	(1435, 'Putinza', 137),
	(1436, 'Quinches', 137),
	(1437, 'Quinocay', 137),
	(1438, 'San Joaquín', 137),
	(1439, 'San Pedro de Pilas', 137),
	(1440, 'Tanta', 137),
	(1441, 'Tauripampa', 137),
	(1442, 'Tomas', 137),
	(1443, 'Tupe', 137),
	(1444, 'Viñac', 137),
	(1445, 'Vitis', 137),
	(1446, 'Iquitos', 138),
	(1447, 'Alto Nanay', 138),
	(1448, 'Fernando Lores', 138),
	(1449, 'Indiana', 138),
	(1450, 'Las Amazonas', 138),
	(1451, 'Mazan', 138),
	(1452, 'Napo', 138),
	(1453, 'Punchana', 138),
	(1454, 'Torres Causana', 138),
	(1455, 'Belén', 138),
	(1456, 'San Juan Bautista', 138),
	(1457, 'Yurimaguas', 139),
	(1458, 'Balsapuerto', 139),
	(1459, 'Jeberos', 139),
	(1460, 'Lagunas', 139),
	(1461, 'Santa Cruz', 139),
	(1462, 'Teniente Cesar López Rojas', 139),
	(1463, 'Nauta', 140),
	(1464, 'Parinari', 140),
	(1465, 'Tigre', 140),
	(1466, 'Trompeteros', 140),
	(1467, 'Urarinas', 140),
	(1468, 'Ramón Castilla', 141),
	(1469, 'Pebas', 141),
	(1470, 'Yavari', 141),
	(1471, 'San Pablo', 141),
	(1472, 'Requena', 142),
	(1473, 'Alto Tapiche', 142),
	(1474, 'Capelo', 142),
	(1475, 'Emilio San Martín', 142),
	(1476, 'Maquia', 142),
	(1477, 'Puinahua', 142),
	(1478, 'Saquena', 142),
	(1479, 'Soplin', 142),
	(1480, 'Tapiche', 142),
	(1481, 'Jenaro Herrera', 142),
	(1482, 'Yaquerana', 142),
	(1483, 'Contamana', 143),
	(1484, 'Inahuaya', 143),
	(1485, 'Padre Márquez', 143),
	(1486, 'Pampa Hermosa', 143),
	(1487, 'Sarayacu', 143),
	(1488, 'Vargas Guerra', 143),
	(1489, 'Barranca', 144),
	(1490, 'Cahuapanas', 144),
	(1491, 'Manseriche', 144),
	(1492, 'Morona', 144),
	(1493, 'Pastaza', 144),
	(1494, 'Andoas', 144),
	(1495, 'Putumayo', 145),
	(1496, 'Rosa Panduro', 145),
	(1497, 'Teniente Manuel Clavero', 145),
	(1498, 'Yaguas', 145),
	(1499, 'Tambopata', 146),
	(1500, 'Inambari', 146),
	(1501, 'Las Piedras', 146),
	(1502, 'Laberinto', 146),
	(1503, 'Manu', 147),
	(1504, 'Fitzcarrald', 147),
	(1505, 'Madre de Dios', 147),
	(1506, 'Huepetuhe', 147),
	(1507, 'Iñapari', 148),
	(1508, 'Iberia', 148),
	(1509, 'Tahuamanu', 148),
	(1510, 'Moquegua', 149),
	(1511, 'Carumas', 149),
	(1512, 'Cuchumbaya', 149),
	(1513, 'Samegua', 149),
	(1514, 'San Cristóbal', 149),
	(1515, 'Torata', 149),
	(1516, 'Omate', 150),
	(1517, 'Chojata', 150),
	(1518, 'Coalaque', 150),
	(1519, 'Ichuña', 150),
	(1520, 'La Capilla', 150),
	(1521, 'Lloque', 150),
	(1522, 'Matalaque', 150),
	(1523, 'Puquina', 150),
	(1524, 'Quinistaquillas', 150),
	(1525, 'Ubinas', 150),
	(1526, 'Yunga', 150),
	(1527, 'Ilo', 151),
	(1528, 'El Algarrobal', 151),
	(1529, 'Pacocha', 151),
	(1530, 'Chaupimarca', 152),
	(1531, 'Huachon', 152),
	(1532, 'Huariaca', 152),
	(1533, 'Huayllay', 152),
	(1534, 'Ninacaca', 152),
	(1535, 'Pallanchacra', 152),
	(1536, 'Paucartambo', 152),
	(1537, 'San Francisco de Asís de Yarusyacan', 152),
	(1538, 'Simon Bolívar', 152),
	(1539, 'Ticlacayan', 152),
	(1540, 'Tinyahuarco', 152),
	(1541, 'Vicco', 152),
	(1542, 'Yanacancha', 152),
	(1543, 'Yanahuanca', 153),
	(1544, 'Chacayan', 153),
	(1545, 'Goyllarisquizga', 153),
	(1546, 'Paucar', 153),
	(1547, 'San Pedro de Pillao', 153),
	(1548, 'Santa Ana de Tusi', 153),
	(1549, 'Tapuc', 153),
	(1550, 'Vilcabamba', 153),
	(1551, 'Oxapampa', 154),
	(1552, 'Chontabamba', 154),
	(1553, 'Huancabamba', 154),
	(1554, 'Palcazu', 154),
	(1555, 'Pozuzo', 154),
	(1556, 'Puerto Bermúdez', 154),
	(1557, 'Villa Rica', 154),
	(1558, 'Constitución', 154),
	(1559, 'Piura', 155),
	(1560, 'Castilla', 155),
	(1561, 'Catacaos', 155),
	(1562, 'Cura Mori', 155),
	(1563, 'El Tallan', 155),
	(1564, 'La Arena', 155),
	(1565, 'La Unión', 155),
	(1566, 'Las Lomas', 155),
	(1567, 'Tambo Grande', 155),
	(1568, 'Veintiseis de Octubre', 155),
	(1569, 'Ayabaca', 156),
	(1570, 'Frias', 156),
	(1571, 'Jilili', 156),
	(1572, 'Lagunas', 156),
	(1573, 'Montero', 156),
	(1574, 'Pacaipampa', 156),
	(1575, 'Paimas', 156),
	(1576, 'Sapillica', 156),
	(1577, 'Sicchez', 156),
	(1578, 'Suyo', 156),
	(1579, 'Huancabamba', 157),
	(1580, 'Canchaque', 157),
	(1581, 'El Carmen de la Frontera', 157),
	(1582, 'Huarmaca', 157),
	(1583, 'Lalaquiz', 157),
	(1584, 'San Miguel de El Faique', 157),
	(1585, 'Sondor', 157),
	(1586, 'Sondorillo', 157),
	(1587, 'Chulucanas', 158),
	(1588, 'Buenos Aires', 158),
	(1589, 'Chalaco', 158),
	(1590, 'La Matanza', 158),
	(1591, 'Morropon', 158),
	(1592, 'Salitral', 158),
	(1593, 'San Juan de Bigote', 158),
	(1594, 'Santa Catalina de Mossa', 158),
	(1595, 'Santo Domingo', 158),
	(1596, 'Yamango', 158),
	(1597, 'Paita', 159),
	(1598, 'Amotape', 159),
	(1599, 'Arenal', 159),
	(1600, 'Colan', 159),
	(1601, 'La Huaca', 159),
	(1602, 'Tamarindo', 159),
	(1603, 'Vichayal', 159),
	(1604, 'Sullana', 160),
	(1605, 'Bellavista', 160),
	(1606, 'Ignacio Escudero', 160),
	(1607, 'Lancones', 160),
	(1608, 'Marcavelica', 160),
	(1609, 'Miguel Checa', 160),
	(1610, 'Querecotillo', 160),
	(1611, 'Salitral', 160),
	(1612, 'Pariñas', 161),
	(1613, 'El Alto', 161),
	(1614, 'La Brea', 161),
	(1615, 'Lobitos', 161),
	(1616, 'Los Organos', 161),
	(1617, 'Mancora', 161),
	(1618, 'Sechura', 162),
	(1619, 'Bellavista de la Unión', 162),
	(1620, 'Bernal', 162),
	(1621, 'Cristo Nos Valga', 162),
	(1622, 'Vice', 162),
	(1623, 'Rinconada Llicuar', 162),
	(1624, 'Puno', 163),
	(1625, 'Acora', 163),
	(1626, 'Amantani', 163),
	(1627, 'Atuncolla', 163),
	(1628, 'Capachica', 163),
	(1629, 'Chucuito', 163),
	(1630, 'Coata', 163),
	(1631, 'Huata', 163),
	(1632, 'Mañazo', 163),
	(1633, 'Paucarcolla', 163),
	(1634, 'Pichacani', 163),
	(1635, 'Plateria', 163),
	(1636, 'San Antonio', 163),
	(1637, 'Tiquillaca', 163),
	(1638, 'Vilque', 163),
	(1639, 'Azángaro', 164),
	(1640, 'Achaya', 164),
	(1641, 'Arapa', 164),
	(1642, 'Asillo', 164),
	(1643, 'Caminaca', 164),
	(1644, 'Chupa', 164),
	(1645, 'José Domingo Choquehuanca', 164),
	(1646, 'Muñani', 164),
	(1647, 'Potoni', 164),
	(1648, 'Saman', 164),
	(1649, 'San Anton', 164),
	(1650, 'San José', 164),
	(1651, 'San Juan de Salinas', 164),
	(1652, 'Santiago de Pupuja', 164),
	(1653, 'Tirapata', 164),
	(1654, 'Macusani', 165),
	(1655, 'Ajoyani', 165),
	(1656, 'Ayapata', 165),
	(1657, 'Coasa', 165),
	(1658, 'Corani', 165),
	(1659, 'Crucero', 165),
	(1660, 'Ituata', 165),
	(1661, 'Ollachea', 165),
	(1662, 'San Gaban', 165),
	(1663, 'Usicayos', 165),
	(1664, 'Juli', 166),
	(1665, 'Desaguadero', 166),
	(1666, 'Huacullani', 166),
	(1667, 'Kelluyo', 166),
	(1668, 'Pisacoma', 166),
	(1669, 'Pomata', 166),
	(1670, 'Zepita', 166),
	(1671, 'Ilave', 167),
	(1672, 'Capazo', 167),
	(1673, 'Pilcuyo', 167),
	(1674, 'Santa Rosa', 167),
	(1675, 'Conduriri', 167),
	(1676, 'Huancane', 168),
	(1677, 'Cojata', 168),
	(1678, 'Huatasani', 168),
	(1679, 'Inchupalla', 168),
	(1680, 'Pusi', 168),
	(1681, 'Rosaspata', 168),
	(1682, 'Taraco', 168),
	(1683, 'Vilque Chico', 168),
	(1684, 'Lampa', 169),
	(1685, 'Cabanilla', 169),
	(1686, 'Calapuja', 169),
	(1687, 'Nicasio', 169),
	(1688, 'Ocuviri', 169),
	(1689, 'Palca', 169),
	(1690, 'Paratia', 169),
	(1691, 'Pucara', 169),
	(1692, 'Santa Lucia', 169),
	(1693, 'Vilavila', 169),
	(1694, 'Ayaviri', 170),
	(1695, 'Antauta', 170),
	(1696, 'Cupi', 170),
	(1697, 'Llalli', 170),
	(1698, 'Macari', 170),
	(1699, 'Nuñoa', 170),
	(1700, 'Orurillo', 170),
	(1701, 'Santa Rosa', 170),
	(1702, 'Umachiri', 170),
	(1703, 'Moho', 171),
	(1704, 'Conima', 171),
	(1705, 'Huayrapata', 171),
	(1706, 'Tilali', 171),
	(1707, 'Putina', 172),
	(1708, 'Ananea', 172),
	(1709, 'Pedro Vilca Apaza', 172),
	(1710, 'Quilcapuncu', 172),
	(1711, 'Sina', 172),
	(1712, 'Juliaca', 173),
	(1713, 'Cabana', 173),
	(1714, 'Cabanillas', 173),
	(1715, 'Caracoto', 173),
	(1716, 'Sandia', 174),
	(1717, 'Cuyocuyo', 174),
	(1718, 'Limbani', 174),
	(1719, 'Patambuco', 174),
	(1720, 'Phara', 174),
	(1721, 'Quiaca', 174),
	(1722, 'San Juan del Oro', 174),
	(1723, 'Yanahuaya', 174),
	(1724, 'Alto Inambari', 174),
	(1725, 'San Pedro de Putina Punco', 174),
	(1726, 'Yunguyo', 175),
	(1727, 'Anapia', 175),
	(1728, 'Copani', 175),
	(1729, 'Cuturapi', 175),
	(1730, 'Ollaraya', 175),
	(1731, 'Tinicachi', 175),
	(1732, 'Unicachi', 175),
	(1733, 'Moyobamba', 176),
	(1734, 'Calzada', 176),
	(1735, 'Habana', 176),
	(1736, 'Jepelacio', 176),
	(1737, 'Soritor', 176),
	(1738, 'Yantalo', 176),
	(1739, 'Bellavista', 177),
	(1740, 'Alto Biavo', 177),
	(1741, 'Bajo Biavo', 177),
	(1742, 'Huallaga', 177),
	(1743, 'San Pablo', 177),
	(1744, 'San Rafael', 177),
	(1745, 'San José de Sisa', 178),
	(1746, 'Agua Blanca', 178),
	(1747, 'San Martín', 178),
	(1748, 'Santa Rosa', 178),
	(1749, 'Shatoja', 178),
	(1750, 'Saposoa', 179),
	(1751, 'Alto Saposoa', 179),
	(1752, 'El Eslabón', 179),
	(1753, 'Piscoyacu', 179),
	(1754, 'Sacanche', 179),
	(1755, 'Tingo de Saposoa', 179),
	(1756, 'Lamas', 180),
	(1757, 'Alonso de Alvarado', 180),
	(1758, 'Barranquita', 180),
	(1759, 'Caynarachi', 180),
	(1760, 'Cuñumbuqui', 180),
	(1761, 'Pinto Recodo', 180),
	(1762, 'Rumisapa', 180),
	(1763, 'San Roque de Cumbaza', 180),
	(1764, 'Shanao', 180),
	(1765, 'Tabalosos', 180),
	(1766, 'Zapatero', 180),
	(1767, 'Juanjuí', 181),
	(1768, 'Campanilla', 181),
	(1769, 'Huicungo', 181),
	(1770, 'Pachiza', 181),
	(1771, 'Pajarillo', 181),
	(1772, 'Picota', 182),
	(1773, 'Buenos Aires', 182),
	(1774, 'Caspisapa', 182),
	(1775, 'Pilluana', 182),
	(1776, 'Pucacaca', 182),
	(1777, 'San Cristóbal', 182),
	(1778, 'San Hilarión', 182),
	(1779, 'Shamboyacu', 182),
	(1780, 'Tingo de Ponasa', 182),
	(1781, 'Tres Unidos', 182),
	(1782, 'Rioja', 183),
	(1783, 'Awajun', 183),
	(1784, 'Elías Soplin Vargas', 183),
	(1785, 'Nueva Cajamarca', 183),
	(1786, 'Pardo Miguel', 183),
	(1787, 'Posic', 183),
	(1788, 'San Fernando', 183),
	(1789, 'Yorongos', 183),
	(1790, 'Yuracyacu', 183),
	(1791, 'Tarapoto', 184),
	(1792, 'Alberto Leveau', 184),
	(1793, 'Cacatachi', 184),
	(1794, 'Chazuta', 184),
	(1795, 'Chipurana', 184),
	(1796, 'El Porvenir', 184),
	(1797, 'Huimbayoc', 184),
	(1798, 'Juan Guerra', 184),
	(1799, 'La Banda de Shilcayo', 184),
	(1800, 'Morales', 184),
	(1801, 'Papaplaya', 184),
	(1802, 'San Antonio', 184),
	(1803, 'Sauce', 184),
	(1804, 'Shapaja', 184),
	(1805, 'Tocache', 185),
	(1806, 'Nuevo Progreso', 185),
	(1807, 'Polvora', 185),
	(1808, 'Shunte', 185),
	(1809, 'Uchiza', 185),
	(1810, 'Tacna', 186),
	(1811, 'Alto de la Alianza', 186),
	(1812, 'Calana', 186),
	(1813, 'Ciudad Nueva', 186),
	(1814, 'Inclan', 186),
	(1815, 'Pachia', 186),
	(1816, 'Palca', 186),
	(1817, 'Pocollay', 186),
	(1818, 'Sama', 186),
	(1819, 'Coronel Gregorio Albarracín Lanchipa', 186),
	(1820, 'La Yarada los Palos', 186),
	(1821, 'Candarave', 187),
	(1822, 'Cairani', 187),
	(1823, 'Camilaca', 187),
	(1824, 'Curibaya', 187),
	(1825, 'Huanuara', 187),
	(1826, 'Quilahuani', 187),
	(1827, 'Locumba', 188),
	(1828, 'Ilabaya', 188),
	(1829, 'Ite', 188),
	(1830, 'Tarata', 189),
	(1831, 'Héroes Albarracín', 189),
	(1832, 'Estique', 189),
	(1833, 'Estique-Pampa', 189),
	(1834, 'Sitajara', 189),
	(1835, 'Susapaya', 189),
	(1836, 'Tarucachi', 189),
	(1837, 'Ticaco', 189),
	(1838, 'Tumbes', 190),
	(1839, 'Corrales', 190),
	(1840, 'La Cruz', 190),
	(1841, 'Pampas de Hospital', 190),
	(1842, 'San Jacinto', 190),
	(1843, 'San Juan de la Virgen', 190),
	(1844, 'Zorritos', 191),
	(1845, 'Casitas', 191),
	(1846, 'Canoas de Punta Sal', 191),
	(1847, 'Zarumilla', 192),
	(1848, 'Aguas Verdes', 192),
	(1849, 'Matapalo', 192),
	(1850, 'Papayal', 192),
	(1851, 'Calleria', 193),
	(1852, 'Campoverde', 193),
	(1853, 'Iparia', 193),
	(1854, 'Masisea', 193),
	(1855, 'Yarinacocha', 193),
	(1856, 'Nueva Requena', 193),
	(1857, 'Manantay', 193),
	(1858, 'Raymondi', 194),
	(1859, 'Sepahua', 194),
	(1860, 'Tahuania', 194),
	(1861, 'Yurua', 194),
	(1862, 'Padre Abad', 195),
	(1863, 'Irazola', 195),
	(1864, 'Curimana', 195),
	(1865, 'Neshuya', 195),
	(1866, 'Alexander Von Humboldt', 195),
	(1867, 'Purus', 196);

-- Volcando estructura para tabla sistema_menus.horarios
CREATE TABLE IF NOT EXISTS `horarios` (
  `idhorario` int NOT NULL AUTO_INCREMENT,
  `idlocales` int NOT NULL,
  `diasemana` enum('lunes','martes','miercoles','jueves','viernes','sabado','domingo') CHARACTER SET utf8mb4 COLLATE utf8mb4_0900_ai_ci DEFAULT NULL,
  `inicio` time DEFAULT NULL,
  `fin` time DEFAULT NULL,
  PRIMARY KEY (`idhorario`),
  KEY `idlocales` (`idlocales`),
  CONSTRAINT `horarios_ibfk_1` FOREIGN KEY (`idlocales`) REFERENCES `locales` (`idlocales`)
) ENGINE=InnoDB AUTO_INCREMENT=7 DEFAULT CHARSET=utf8mb4 COLLATE=utf8mb4_general_ci;

-- Volcando datos para la tabla sistema_menus.horarios: ~5 rows (aproximadamente)
INSERT INTO `horarios` (`idhorario`, `idlocales`, `diasemana`, `inicio`, `fin`) VALUES
	(1, 1, 'martes', '14:00:00', '22:00:00'),
	(2, 1, 'miercoles', '14:00:00', '22:00:00'),
	(3, 1, 'jueves', '14:00:00', '22:00:00'),
	(4, 1, 'viernes', '14:00:00', '22:00:00'),
	(5, 1, 'sabado', '14:00:00', '22:00:00'),
	(6, 1, 'domingo', '14:00:00', '22:00:00');

-- Volcando estructura para tabla sistema_menus.locales
CREATE TABLE IF NOT EXISTS `locales` (
  `idlocales` int NOT NULL AUTO_INCREMENT,
  `idnegocio` int NOT NULL,
  `iddistrito` int NOT NULL,
  `direccion` varchar(255) CHARACTER SET utf8mb4 COLLATE utf8mb4_0900_ai_ci DEFAULT NULL,
  `telefono` varchar(20) CHARACTER SET utf8mb4 COLLATE utf8mb4_0900_ai_ci DEFAULT NULL,
  `latitud` double DEFAULT NULL,
  `longitud` double DEFAULT NULL,
  PRIMARY KEY (`idlocales`),
  KEY `idnegocio` (`idnegocio`),
  KEY `iddistrito` (`iddistrito`),
  CONSTRAINT `locales_ibfk_1` FOREIGN KEY (`idnegocio`) REFERENCES `negocios` (`idnegocio`) ON DELETE CASCADE ON UPDATE CASCADE,
  CONSTRAINT `locales_ibfk_2` FOREIGN KEY (`iddistrito`) REFERENCES `distritos` (`iddistrito`)
) ENGINE=InnoDB AUTO_INCREMENT=13 DEFAULT CHARSET=utf8mb4 COLLATE=utf8mb4_general_ci;

-- Volcando datos para la tabla sistema_menus.locales: ~9 rows (aproximadamente)
INSERT INTO `locales` (`idlocales`, `idnegocio`, `iddistrito`, `direccion`, `telefono`, `latitud`, `longitud`) VALUES
	(1, 1, 1010, 'Av. Principal 388 - Carr. de Sunampe', '940790534', -13.4163, -76.158),
	(2, 3, 1007, 'Av. Óscar R. Benavides 598 - Plaza de Armas de Pueblo Nuevo', '924817518', -13.4053876, -76.1301925),
	(3, 4, 1001, 'Los Ángeles 153, Chincha Alta', '924826030', -13.4168037, -76.1344931),
	(4, 7, 1001, 'Calle Grau N°427 - Chincha Alta - Perú', '995420277', -13.4204, -76.1327),
	(5, 8, 1001, 'Prolongación Lima, Urb Bancarios E4, Chincha Alta', '934617457', -13.4279496, -76.141103),
	(6, 9, 1001, 'Jr. Sebastián Barranca 551 Pueblo Nuevo, Chincha Alta, Peru', '978085372', -13.4024741, -76.1323894),
	(7, 10, 1010, 'Av. Alfonso Ugarte 300 cercado Sunampe', '956351703', -13.4282777, -76.1623518),
	(8, 11, 1010, 'Av. Benavides 1412 Sunampe', '908913572', -13.4135953, -76.1534393),
	(9, 12, 1001, 'Urb. Olivar del Sur Mz. C – Lt. 04', '964998037', -13.41528, -76.12417);

-- Volcando estructura para tabla sistema_menus.negocios
CREATE TABLE IF NOT EXISTS `negocios` (
  `idnegocio` int NOT NULL AUTO_INCREMENT,
  `idcategoria` int NOT NULL,
  `idrepresentante` int NOT NULL,
  `nombre` varchar(150) CHARACTER SET utf8mb4 COLLATE utf8mb4_0900_ai_ci NOT NULL,
  `nombrecomercial` varchar(150) CHARACTER SET utf8mb4 COLLATE utf8mb4_0900_ai_ci DEFAULT NULL,
  `slogan` varchar(255) CHARACTER SET utf8mb4 COLLATE utf8mb4_0900_ai_ci DEFAULT NULL,
  `ruc` varchar(11) CHARACTER SET utf8mb4 COLLATE utf8mb4_0900_ai_ci DEFAULT NULL,
  `logo` varchar(255) CHARACTER SET utf8mb4 COLLATE utf8mb4_0900_ai_ci DEFAULT NULL,
  PRIMARY KEY (`idnegocio`),
  UNIQUE KEY `ruc` (`ruc`),
  KEY `idcategoria` (`idcategoria`),
  KEY `idrepresentante` (`idrepresentante`),
  CONSTRAINT `negocios_ibfk_1` FOREIGN KEY (`idcategoria`) REFERENCES `categorias` (`idcategoria`),
  CONSTRAINT `negocios_ibfk_2` FOREIGN KEY (`idrepresentante`) REFERENCES `personas` (`idpersona`)
) ENGINE=InnoDB AUTO_INCREMENT=17 DEFAULT CHARSET=utf8mb4 COLLATE=utf8mb4_general_ci;

-- Volcando datos para la tabla sistema_menus.negocios: ~9 rows (aproximadamente)
INSERT INTO `negocios` (`idnegocio`, `idcategoria`, `idrepresentante`, `nombre`, `nombrecomercial`, `slogan`, `ruc`, `logo`) VALUES
	(1, 2, 1, 'DAITO', 'DAITO', 'Daito es un restaurante que ofrece cocina Nikkei, una fusión de sabores peruanos y japoneses...', '20111111119', 'uploads/negocios/logo/1758990903_a02a106a10ea2ddbab2d.jpg'),
	(3, 2, 1, 'Mister Wok', 'Mister Wok', 'Mister Wok en Pueblo Nuevo ofrece auténtica comida china en un ambiente familiar y acogedor...', '20111111111', 'uploads/negocios/logo/1758990972_034e9ee3dce0d78ba076.jpg'),
	(4, 2, 1, 'Sacha Nikkei', 'Sacha Nikkei', 'Sacha Nikkei una fusión japonesa-peruana con sushi, ramen y platos del...', '21111111113', 'uploads/negocios/logo/1758991024_a8678d4a6d7169eecff9.jpg'),
	(7, 3, 1, 'El Gran Combo', 'El Gran Combo', 'Sanguchería "El Gran Combo" ofrece productos frescos y de calidad que celebran...', '20111111120', 'uploads/negocios/logo/1759009285_10b416e8f367074c8684.jpg'),
	(8, 3, 1, '¡Daddy’s Truck’s Burger!', '¡Daddy’s Truck’s Burger!', '"Daddy’s Truck’s Burger" hamburguesas auténticas y frescas en estilo food truck...', '21111111130', 'uploads/negocios/logo/1759009337_5d8121ca00f666d134c9.jpg'),
	(9, 5, 1, 'El Punto Marino', 'El Punto Marino', 'El Punto Marino ofrece platos marinos frescos y un excelente servicio...', '20111111129', 'uploads/negocios/logo/1759009424_d2f54c62c8327cea43a2.jpg'),
	(10, 1, 1, 'Viñedos San Carlos', 'Viñedos San Carlos', 'Somos una bodega ubicada en el pintoresco valle de Sunampe, Chincha, Perú. Fundada con la...', '20111111149', 'uploads/negocios/logo/1759009513_fe364eca8a4eac95098f.jpg'),
	(11, 1, 1, 'Viñedos Grimaldi', 'Viñedos Grimaldi', 'Cuatro generaciones dedicadas a crear vinos y pisco de excelencia, llevando el sabor al mundo.', '20111111101', 'uploads/negocios/logo/1759009612_f8ab6a4d29a9cf9ec68f.jpg'),
	(12, 1, 1, 'El Copete', 'El Copete', '"Viñedos Copete" tradición, autenticidad y sabor único en cada botella artesanal.', '20111111109', 'uploads/negocios/logo/1759009678_4d7999756aeeb80bcfc0.jpg');

-- Volcando estructura para tabla sistema_menus.personas
CREATE TABLE IF NOT EXISTS `personas` (
  `idpersona` int NOT NULL AUTO_INCREMENT,
  `apellidos` varchar(100) CHARACTER SET utf8mb4 COLLATE utf8mb4_0900_ai_ci NOT NULL,
  `nombres` varchar(100) CHARACTER SET utf8mb4 COLLATE utf8mb4_0900_ai_ci NOT NULL,
  `tipodoc` varchar(20) CHARACTER SET utf8mb4 COLLATE utf8mb4_0900_ai_ci NOT NULL,
  `numerodoc` varchar(20) CHARACTER SET utf8mb4 COLLATE utf8mb4_0900_ai_ci NOT NULL,
  `telefono` varchar(20) CHARACTER SET utf8mb4 COLLATE utf8mb4_0900_ai_ci NOT NULL,
  PRIMARY KEY (`idpersona`),
  UNIQUE KEY `numerodoc` (`numerodoc`)
) ENGINE=InnoDB AUTO_INCREMENT=5 DEFAULT CHARSET=utf8mb4 COLLATE=utf8mb4_general_ci;

-- Volcando datos para la tabla sistema_menus.personas: ~0 rows (aproximadamente)
INSERT INTO `personas` (`idpersona`, `apellidos`, `nombres`, `tipodoc`, `numerodoc`, `telefono`) VALUES
	(1, 'Contreras Carrillo', 'Aimar', 'DNI', '73989219', '955365019'),
	(4, 'Flores', 'Lopez', 'DNI', '71548236', '956123456');

-- Volcando estructura para tabla sistema_menus.provincias
CREATE TABLE IF NOT EXISTS `provincias` (
  `idprovincia` int NOT NULL AUTO_INCREMENT,
  `provincia` varchar(100) CHARACTER SET utf8mb4 COLLATE utf8mb4_0900_ai_ci NOT NULL,
  `iddepartamento` int NOT NULL,
  PRIMARY KEY (`idprovincia`),
  UNIQUE KEY `provincia` (`provincia`),
  KEY `iddepartamento` (`iddepartamento`),
  CONSTRAINT `provincias_ibfk_1` FOREIGN KEY (`iddepartamento`) REFERENCES `departamentos` (`iddepartamento`)
) ENGINE=InnoDB AUTO_INCREMENT=197 DEFAULT CHARSET=utf8mb4 COLLATE=utf8mb4_general_ci;

-- Volcando datos para la tabla sistema_menus.provincias: ~196 rows (aproximadamente)
INSERT INTO `provincias` (`idprovincia`, `provincia`, `iddepartamento`) VALUES
	(1, 'Chachapoyas', 1),
	(2, 'Bagua', 1),
	(3, 'Bongará', 1),
	(4, 'Condorcanqui', 1),
	(5, 'Luya', 1),
	(6, 'Rodríguez de Mendoza', 1),
	(7, 'Utcubamba', 1),
	(8, 'Huaraz', 2),
	(9, 'Aija', 2),
	(10, 'Antonio Raymondi', 2),
	(11, 'Asunción', 2),
	(12, 'Bolognesi', 2),
	(13, 'Carhuaz', 2),
	(14, 'Carlos Fermín Fitzcarrald', 2),
	(15, 'Casma', 2),
	(16, 'Corongo', 2),
	(17, 'Huari', 2),
	(18, 'Huarmey', 2),
	(19, 'Huaylas', 2),
	(20, 'Mariscal Luzuriaga', 2),
	(21, 'Ocros', 2),
	(22, 'Pallasca', 2),
	(23, 'Pomabamba', 2),
	(24, 'Recuay', 2),
	(25, 'Santa', 2),
	(26, 'Sihuas', 2),
	(27, 'Yungay', 2),
	(28, 'Abancay', 3),
	(29, 'Andahuaylas', 3),
	(30, 'Antabamba', 3),
	(31, 'Aymaraes', 3),
	(32, 'Cotabambas', 3),
	(33, 'Chincheros', 3),
	(34, 'Grau', 3),
	(35, 'Arequipa', 4),
	(36, 'Camaná', 4),
	(37, 'Caravelí', 4),
	(38, 'Castilla', 4),
	(39, 'Caylloma', 4),
	(40, 'Condesuyos', 4),
	(41, 'Islay', 4),
	(42, 'La Uniòn', 4),
	(43, 'Huamanga', 5),
	(44, 'Cangallo', 5),
	(45, 'Huanca Sancos', 5),
	(46, 'Huanta', 5),
	(47, 'La Mar', 5),
	(48, 'Lucanas', 5),
	(49, 'Parinacochas', 5),
	(50, 'Pàucar del Sara Sara', 5),
	(51, 'Sucre', 5),
	(52, 'Víctor Fajardo', 5),
	(53, 'Vilcas Huamán', 5),
	(54, 'Cajamarca', 6),
	(55, 'Cajabamba', 6),
	(56, 'Celendín', 6),
	(57, 'Chota', 6),
	(58, 'Contumazá', 6),
	(59, 'Cutervo', 6),
	(60, 'Hualgayoc', 6),
	(61, 'Jaén', 6),
	(62, 'San Ignacio', 6),
	(63, 'San Marcos', 6),
	(64, 'San Miguel', 6),
	(65, 'San Pablo', 6),
	(66, 'Santa Cruz', 6),
	(67, 'Prov. Const. del Callao', 7),
	(68, 'Cusco', 8),
	(69, 'Acomayo', 8),
	(70, 'Anta', 8),
	(71, 'Calca', 8),
	(72, 'Canas', 8),
	(73, 'Canchis', 8),
	(74, 'Chumbivilcas', 8),
	(75, 'Espinar', 8),
	(76, 'La Convención', 8),
	(77, 'Paruro', 8),
	(78, 'Paucartambo', 8),
	(79, 'Quispicanchi', 8),
	(80, 'Urubamba', 8),
	(81, 'Huancavelica', 9),
	(82, 'Acobamba', 9),
	(83, 'Angaraes', 9),
	(84, 'Castrovirreyna', 9),
	(85, 'Churcampa', 9),
	(86, 'Huaytará', 9),
	(87, 'Tayacaja', 9),
	(88, 'Huánuco', 10),
	(89, 'Ambo', 10),
	(90, 'Dos de Mayo', 10),
	(91, 'Huacaybamba', 10),
	(92, 'Huamalíes', 10),
	(93, 'Leoncio Prado', 10),
	(94, 'Marañón', 10),
	(95, 'Pachitea', 10),
	(96, 'Puerto Inca', 10),
	(97, 'Lauricocha ', 10),
	(98, 'Yarowilca ', 10),
	(99, 'Ica ', 11),
	(100, 'Chincha ', 11),
	(101, 'Nasca ', 11),
	(102, 'Palpa ', 11),
	(103, 'Pisco ', 11),
	(104, 'Huancayo ', 12),
	(105, 'Concepción ', 12),
	(106, 'Chanchamayo ', 12),
	(107, 'Jauja ', 12),
	(108, 'Junín ', 12),
	(109, 'Satipo ', 12),
	(110, 'Tarma ', 12),
	(111, 'Yauli ', 12),
	(112, 'Chupaca ', 12),
	(113, 'Trujillo ', 13),
	(114, 'Ascope ', 13),
	(115, 'Bolívar ', 13),
	(116, 'Chepén ', 13),
	(117, 'Julcán ', 13),
	(118, 'Otuzco ', 13),
	(119, 'Pacasmayo ', 13),
	(120, 'Pataz ', 13),
	(121, 'Sánchez Carrión ', 13),
	(122, 'Santiago de Chuco ', 13),
	(123, 'Gran Chimú ', 13),
	(124, 'Virú ', 13),
	(125, 'Chiclayo ', 14),
	(126, 'Ferreñafe ', 14),
	(127, 'Lambayeque ', 14),
	(128, 'Lima ', 15),
	(129, 'Barranca ', 15),
	(130, 'Cajatambo ', 15),
	(131, 'Canta ', 15),
	(132, 'Cañete ', 15),
	(133, 'Huaral ', 15),
	(134, 'Huarochirí ', 15),
	(135, 'Huaura ', 15),
	(136, 'Oyón ', 15),
	(137, 'Yauyos ', 15),
	(138, 'Maynas ', 16),
	(139, 'Alto Amazonas ', 16),
	(140, 'Loreto ', 16),
	(141, 'Mariscal Ramón Castilla ', 16),
	(142, 'Requena ', 16),
	(143, 'Ucayali ', 16),
	(144, 'Datem del Marañón ', 16),
	(145, 'Putumayo', 16),
	(146, 'Tambopata ', 17),
	(147, 'Manu ', 17),
	(148, 'Tahuamanu ', 17),
	(149, 'Mariscal Nieto ', 18),
	(150, 'General Sánchez Cerro ', 18),
	(151, 'Ilo ', 18),
	(152, 'Pasco ', 19),
	(153, 'Daniel Alcides Carrión ', 19),
	(154, 'Oxapampa ', 19),
	(155, 'Piura ', 20),
	(156, 'Ayabaca ', 20),
	(157, 'Huancabamba ', 20),
	(158, 'Morropón ', 20),
	(159, 'Paita ', 20),
	(160, 'Sullana ', 20),
	(161, 'Talara ', 20),
	(162, 'Sechura ', 20),
	(163, 'Puno ', 21),
	(164, 'Azángaro ', 21),
	(165, 'Carabaya ', 21),
	(166, 'Chucuito ', 21),
	(167, 'El Collao ', 21),
	(168, 'Huancané ', 21),
	(169, 'Lampa ', 21),
	(170, 'Melgar ', 21),
	(171, 'Moho ', 21),
	(172, 'San Antonio de Putina ', 21),
	(173, 'San Román ', 21),
	(174, 'Sandia ', 21),
	(175, 'Yunguyo ', 21),
	(176, 'Moyobamba ', 22),
	(177, 'Bellavista ', 22),
	(178, 'El Dorado ', 22),
	(179, 'Huallaga ', 22),
	(180, 'Lamas ', 22),
	(181, 'Mariscal Cáceres ', 22),
	(182, 'Picota ', 22),
	(183, 'Rioja ', 22),
	(184, 'San Martín ', 22),
	(185, 'Tocache ', 22),
	(186, 'Tacna ', 23),
	(187, 'Candarave ', 23),
	(188, 'Jorge Basadre ', 23),
	(189, 'Tarata ', 23),
	(190, 'Tumbes ', 24),
	(191, 'Contralmirante Villar ', 24),
	(192, 'Zarumilla ', 24),
	(193, 'Coronel Portillo ', 25),
	(194, 'Atalaya ', 25),
	(195, 'Padre Abad ', 25),
	(196, 'Purús', 25);

-- Volcando estructura para tabla sistema_menus.reservas
CREATE TABLE IF NOT EXISTS `reservas` (
  `idreserva` int NOT NULL AUTO_INCREMENT,
  `idhorario` int NOT NULL,
  `fechahora` datetime NOT NULL,
  `cantidadpersonas` int DEFAULT NULL,
  `confirmacion` tinyint(1) DEFAULT '0',
  `idusuariovalida` int DEFAULT NULL,
  `idpersonasolicitud` int NOT NULL,
  PRIMARY KEY (`idreserva`),
  KEY `idhorario` (`idhorario`),
  KEY `idusuariovalida` (`idusuariovalida`),
  KEY `idpersonasolicitud` (`idpersonasolicitud`),
  CONSTRAINT `reservas_ibfk_1` FOREIGN KEY (`idhorario`) REFERENCES `horarios` (`idhorario`),
  CONSTRAINT `reservas_ibfk_2` FOREIGN KEY (`idusuariovalida`) REFERENCES `usuarios` (`idusuario`),
  CONSTRAINT `reservas_ibfk_3` FOREIGN KEY (`idpersonasolicitud`) REFERENCES `personas` (`idpersona`)
) ENGINE=InnoDB DEFAULT CHARSET=utf8mb4 COLLATE=utf8mb4_general_ci;

-- Volcando datos para la tabla sistema_menus.reservas: ~0 rows (aproximadamente)

-- Volcando estructura para tabla sistema_menus.secciones
CREATE TABLE IF NOT EXISTS `secciones` (
  `idseccion` int NOT NULL AUTO_INCREMENT,
  `seccion` varchar(100) CHARACTER SET utf8mb4 COLLATE utf8mb4_0900_ai_ci NOT NULL,
  PRIMARY KEY (`idseccion`)
) ENGINE=InnoDB AUTO_INCREMENT=10 DEFAULT CHARSET=utf8mb4 COLLATE=utf8mb4_general_ci;

-- Volcando datos para la tabla sistema_menus.secciones: ~9 rows (aproximadamente)
INSERT INTO `secciones` (`idseccion`, `seccion`) VALUES
	(1, 'Entradas'),
	(2, 'Platos de Fondo'),
	(3, 'Bebidas'),
	(4, 'Postres'),
	(5, 'Combos'),
	(6, 'Especialidades'),
	(7, 'Promociones'),
	(8, 'Vegetarianos'),
	(9, 'Infantil');

-- Volcando estructura para tabla sistema_menus.usuarios
CREATE TABLE IF NOT EXISTS `usuarios` (
  `idusuario` int NOT NULL AUTO_INCREMENT,
  `nombreusuario` varchar(50) CHARACTER SET utf8mb4 COLLATE utf8mb4_0900_ai_ci NOT NULL,
  `claveacceso` varchar(255) CHARACTER SET utf8mb4 COLLATE utf8mb4_0900_ai_ci NOT NULL,
  `nivelacceso` enum('admin','representante','cliente') CHARACTER SET utf8mb4 COLLATE utf8mb4_0900_ai_ci DEFAULT 'cliente',
  `idpersona` int NOT NULL,
  PRIMARY KEY (`idusuario`),
  UNIQUE KEY `nombreusuario` (`nombreusuario`),
  KEY `idpersona` (`idpersona`),
  CONSTRAINT `usuarios_ibfk_1` FOREIGN KEY (`idpersona`) REFERENCES `personas` (`idpersona`)
) ENGINE=InnoDB AUTO_INCREMENT=4 DEFAULT CHARSET=utf8mb4 COLLATE=utf8mb4_general_ci;

-- Volcando datos para la tabla sistema_menus.usuarios: ~0 rows (aproximadamente)
INSERT INTO `usuarios` (`idusuario`, `nombreusuario`, `claveacceso`, `nivelacceso`, `idpersona`) VALUES
	(1, 'admin1', '123456', 'admin', 1),
	(3, 'flores2025', '159874263', '', 4);


CREATE TABLE IF NOT EXISTS `usuarios_google_personal` (
  `id` INT NOT NULL AUTO_INCREMENT,
  `google_id` VARCHAR(100) NOT NULL,
  `nombre` VARCHAR(100) NOT NULL,
  `apellido` VARCHAR(100) DEFAULT NULL,
  `email` VARCHAR(150) NOT NULL,
  `foto` VARCHAR(255) DEFAULT NULL,
  `token` TEXT DEFAULT NULL,
  `fecha_registro` TIMESTAMP DEFAULT CURRENT_TIMESTAMP,
  PRIMARY KEY (`id`),
  UNIQUE KEY `google_id` (`google_id`),
  UNIQUE KEY `email` (`email`)
) ENGINE=InnoDB DEFAULT CHARSET=utf8mb4 COLLATE=utf8mb4_general_ci;

/*!40103 SET TIME_ZONE=IFNULL(@OLD_TIME_ZONE, 'system') */;
/*!40101 SET SQL_MODE=IFNULL(@OLD_SQL_MODE, '') */;
/*!40014 SET FOREIGN_KEY_CHECKS=IFNULL(@OLD_FOREIGN_KEY_CHECKS, 1) */;
/*!40101 SET CHARACTER_SET_CLIENT=@OLD_CHARACTER_SET_CLIENT */;
/*!40111 SET SQL_NOTES=IFNULL(@OLD_SQL_NOTES, 1) */;
